crate,variant,unsafe_instructions,unsafe_load,unsafe_load_pct,unsafe_store,unsafe_store_pct,unsafe_ptr_arith,unsafe_ptr_arith_pct,unsafe_cast,unsafe_cast_pct,unsafe_call,unsafe_call_pct,unsafe_others,unsafe_others_pct
aho-corasick,without_native,3693807650,461037844,12.4814,965729139,26.1445,281554368,7.6223,23132710,0.6263,935470414,25.3254,1026883175,27.8001
arbitrary,without_native,218235833,21264107,9.7436,56686527,25.9749,11345099,5.1986,624,0.0003,43926343,20.1279,85013133,38.9547
arc-swap,without_native,2557560744,152352649,5.9570,638874772,24.9798,41605545,1.6268,20058734,0.7843,488933212,19.1172,1215735832,47.5350
arrayvec,without_native,122883681,4449335,3.6208,33205530,27.0219,6611855,5.3806,5,0.0000,18784513,15.2864,59832443,48.6903
async-lock,without_native,3801669,222046,5.8408,931364,24.4988,243293,6.3996,28035,0.7374,661813,17.4085,1715118,45.1149
async-std,without_native,108792644,10355502,9.5186,27821858,25.5733,12286598,11.2936,505969,0.4651,16837290,15.4765,40985427,37.6730
async-task,without_native,46197017,4994574,10.8115,14974143,32.4137,2505472,5.4234,340,0.0007,12471126,26.9955,11251362,24.3552
bimap,without_native,175016,17817,10.1802,48048,27.4535,13968,7.9810,478,0.2731,27517,15.7226,67188,38.3896
borsh-rs,without_native,113989,10545,9.2509,30187,26.4824,10279,9.0175,822,0.7211,19290,16.9227,42866,37.6054
brotli-decompressor,without_native,5997078,1056770,17.6214,712939,11.8881,192,0.0032,352258,5.8738,1409045,23.4955,2465874,41.1179
bstr,without_native,1100889375,192526728,17.4883,298222381,27.0892,98924394,8.9859,4795671,0.4356,127588523,11.5896,378831678,34.4114
bytemuck,without_native,4615,176,3.8137,1091,23.6403,271,5.8722,46,0.9967,1245,26.9772,1786,38.6999
byteorder,without_native,26240397,4329136,16.4980,5212054,19.8627,115924,0.4418,0,0.0000,9210959,35.1022,7372324,28.0953
bytes,without_native,5609961,639339,11.3965,1184506,21.1143,557264,9.9335,20874,0.3721,318568,5.6786,2889410,51.5050
cc-rs,without_native,2589681,271354,10.4783,717999,27.7254,218012,8.4185,3529,0.1363,373220,14.4118,1005567,38.8298
chrono,without_native,198863209,21499776,10.8113,64494246,32.4315,10750594,5.4060,16,0.0000,53751604,27.0294,48366973,24.3217
clru,without_native,9400027,1003452,10.6750,2677856,28.4877,656683,6.9860,41908,0.4458,1379452,14.6750,3640676,38.7305
colored,without_native,801996,78480,9.7856,192130,23.9565,26310,3.2806,8202,1.0227,169296,21.1093,327578,40.8453
combine,without_native,155858864,11077891,7.1076,58028791,37.2316,23274095,14.9328,1097775,0.7043,26964088,17.3003,35416224,22.7233
cpp_demangle,without_native,299756825,32249648,10.7586,96741232,32.2732,16125856,5.3796,16,0.0000,82089668,27.3854,72550405,24.2031
cssparser,without_native,195968485,32957528,16.8178,46195998,23.5732,21519681,10.9812,42212,0.0215,26271880,13.4062,68981186,35.2001
curl,without_native,19566146,2173206,11.1070,4898068,25.0334,2227460,11.3843,111550,0.5701,2499328,12.7737,7656534,39.1315
dashmap,without_native,3943242,296444,7.5178,1082239,27.4454,266436,6.7568,21206,0.5378,756013,19.1724,1520892,38.5696
deranged,without_native,183101,9529,5.2042,42758,23.3521,1193,0.6516,4,0.0022,26598,14.5264,103019,56.2635
dlv-list,without_native,8394,911,10.8530,2315,27.5792,738,8.7920,7,0.0834,1288,15.3443,3135,37.3481
ego-tree,without_native,31412,1706,5.4310,4843,15.4177,2182,6.9464,0,0.0000,1136,3.6165,21545,68.5884
encoding_rs,without_native,691119938,61953707,8.9642,85973430,12.4397,46576473,6.7393,486144,0.0703,37521741,5.4291,458608443,66.3573
filetime,without_native,1173,81,6.9054,386,32.9071,204,17.3913,0,0.0000,229,19.5226,273,23.2737
fixedbitset,without_native,11221096,1458237,12.9955,4369700,38.9418,973009,8.6712,0,0.0000,1475496,13.1493,2944654,26.2421
flate2,without_native,1079349101,167188612,15.4898,243723924,22.5806,24207970,2.2428,23014,0.0021,360731381,33.4212,283474200,26.2634
fragile,without_native,70144,6777,9.6616,19140,27.2867,5707,8.1361,234,0.3336,11577,16.5046,26709,38.0774
fs4,without_native,631115,47879,7.5864,170409,27.0013,48036,7.6113,8749,1.3863,97352,15.4254,258690,40.9894
getrandom,without_native,87723,24037,27.4010,23166,26.4081,766,0.8732,0,0.0000,27808,31.6998,11946,13.6179
gimli,without_native,115077438,11932577,10.3692,32625898,28.3513,10128098,8.8011,24656,0.0214,17506170,15.2125,42860039,37.2445
git2,without_native,159475,12510,7.8445,45681,28.6446,15234,9.5526,857,0.5374,29690,18.6173,55503,34.8036
h2,without_native,3913156772,524990275,13.4160,877539321,22.4254,180452730,4.6114,13321924,0.3404,1154720718,29.5087,1162131804,29.6981
hashbrown,without_native,5998498575,526201497,8.7722,1567209098,26.1267,335515867,5.5933,649092,0.0108,1410335623,23.5115,2158587398,35.9855
hashlink,without_native,2446676,254651,10.4080,680839,27.8271,148193,6.0569,6681,0.2731,468956,19.1671,887356,36.2678
headers,without_native,32066,3008,9.3807,8437,26.3114,3577,11.1551,453,1.4127,5868,18.2998,10723,33.4404
http,without_native,969425917,93749015,9.6706,279144433,28.7948,67887158,7.0028,5326508,0.5494,171939747,17.7362,351379056,36.2461
http-body,without_native,5664,549,9.6928,1495,26.3948,767,13.5417,104,1.8362,947,16.7196,1802,31.8150
httparse,without_native,2341499430,215730327,9.2133,736127231,31.4383,354350804,15.1335,2722,0.0001,276185019,11.7952,759103327,32.4195
imgref,without_native,8771430,1271450,14.4954,1898261,21.6414,1905868,21.7281,38,0.0004,352868,4.0229,3342945,38.1117
indexmap,without_native,932224071,89681909,9.6202,257159213,27.5856,61566510,6.6043,502160,0.0539,173868041,18.6509,349446238,37.4852
iri-string,without_native,22172949,2939678,13.2579,5497403,24.7933,1591285,7.1767,171095,0.7716,5167918,23.3073,6805570,30.6931
jni,without_native,3497842243,71703695,2.0499,706964283,20.2114,33818572,0.9668,4926178,0.1408,166369275,4.7563,2514060240,71.8746
jpeg-decoder,without_native,2412360481,305770612,12.6752,479991343,19.8972,74028988,3.0687,9540603,0.3955,1091247273,45.2357,451781625,18.7278
lexical-core,without_native,230,14,6.0870,0,0.0000,22,9.5652,2,0.8696,46,20.0000,146,63.4783
libsecp256k1,without_native,42870037,8094824,18.8822,11976442,27.9366,439610,1.0254,14709,0.0343,13647783,31.8352,8696669,20.2861
log,without_native,7276242,786619,10.8108,2359815,32.4318,393382,5.4064,16,0.0002,1966791,27.0303,1769619,24.3205
loom,without_native,236573111,27439051,11.5986,70001657,29.5899,23771949,10.0485,2798204,1.1828,36436707,15.4019,76125543,32.1784
matrixmultiply,without_native,21499497564,4469082678,20.7869,2619352392,12.1833,9663238769,44.9463,43881,0.0002,3905439238,18.1653,842340606,3.9180
memchr,without_native,151584922755,15009081954,9.9014,32522004655,21.4546,10811989542,7.1326,1943470358,1.2821,27819135152,18.3522,63479241094,41.8770
memmap2,without_native,4405,411,9.3303,942,21.3848,513,11.6459,14,0.3178,912,20.7037,1613,36.6175
metrics,without_native,1390268,77214,5.5539,196042,14.1010,57703,4.1505,11296,0.8125,775595,55.7874,272418,19.5946
miette,without_native,193921881,16953999,8.7427,52360846,27.0010,13964720,7.2012,384487,0.1983,32604157,16.8130,77653672,40.0438
msgpack-rust,without_native,7279601,786932,10.8101,2360733,32.4294,393656,5.4077,25,0.0003,1967338,27.0254,1770917,24.3271
native-tls,without_native,53466072,5777683,10.8063,17329793,32.4127,2893485,5.4118,506,0.0009,14447493,27.0218,13017112,24.3465
ndarray,without_native,21314542405,3540412845,16.6103,5514225648,25.8707,3476367188,16.3098,22934,0.0001,5043838701,23.6638,3739675089,17.5452
nom,without_native,30589954,5169254,16.8985,5756246,18.8174,98731,0.3228,160,0.0005,10953223,35.8066,8612340,28.1541
nu-ansi-term,without_native,7276181,786608,10.8107,2359792,32.4317,393376,5.4064,16,0.0002,1966784,27.0304,1769605,24.3205
num-bigint,without_native,298299101,32249648,10.8112,96741232,32.4309,16125856,5.4059,16,0.0000,80631944,27.0306,72550405,24.3214
ordered-float,without_native,7438747,825120,11.0922,2090179,28.0985,523312,7.0349,2,0.0000,1027937,13.8187,2972197,39.9556
ordered-multimap,without_native,218348,19726,9.0342,56702,25.9686,15048,6.8918,510,0.2336,46730,21.4016,79632,36.4702
os_info,without_native,7276181,786608,10.8107,2359792,32.4317,393376,5.4064,16,0.0002,1966784,27.0304,1769605,24.3205
ouroboros,without_native,7276241,786613,10.8107,2359808,32.4317,393382,5.4064,16,0.0002,1966794,27.0304,1769628,24.3206
parity-scale-codec,without_native,918059944,28401535,3.0936,372005405,40.5208,51019389,5.5573,2543671,0.2771,157742035,17.1821,306347909,33.3691
parking_lot,without_native,4509406796,325974849,7.2288,1384090204,30.6934,319990156,7.0961,104344391,2.3139,759383901,16.8400,1615623295,35.8278
petgraph,without_native,66316346450,6039353746,9.1069,18118215905,27.3209,4879550804,7.3580,117440549,0.1771,13057128131,19.6892,24104657307,36.3480
pin-project-lite,without_native,7337821,792425,10.7992,2376469,32.3866,398133,5.4258,88,0.0012,1977606,26.9509,1793100,24.4364
polling,without_native,511402,11719,2.2915,163910,32.0511,10867,2.1249,14081,2.7534,117507,22.9774,193318,37.8016
portable-atomic,without_native,196097701,26398442,13.4619,55657237,28.3824,4584624,2.3379,16,0.0000,58810715,29.9905,50646667,25.8273
postcard,without_native,54851,8132,14.8256,16186,29.5090,7260,13.2359,0,0.0000,16723,30.4880,6550,11.9414
pulldown-cmark,without_native,2645457,329801,12.4667,517450,19.5599,144130,5.4482,5428,0.2052,701393,26.5131,947255,35.8069
rand,without_native,4105516,673771,16.4114,821573,20.0114,74939,1.8253,34,0.0008,1352696,32.9483,1182503,28.8028
rayon-core,without_native,1941193965,158257325,8.1526,496129491,25.5580,245044694,12.6234,19921958,1.0263,362704799,18.6846,659135665,33.9552
rgb,without_native,4074,225,5.5228,1028,25.2332,236,5.7928,2,0.0491,1019,25.0123,1564,38.3898
ring,without_native,76983487,7410193,9.6257,8226,0.0107,1372,0.0018,0,0.0000,48296537,62.7362,21267159,27.6256
rmp,without_native,7390517,805947,10.9052,2381278,32.2207,393721,5.3274,16,0.0002,2007780,27.1670,1801775,24.3796
ron,without_native,281223,16924,6.0180,48556,17.2660,16000,5.6894,558,0.1984,33451,11.8948,165734,58.9333
rust-openssl,without_native,101672622,8046688,7.9143,26161227,25.7308,10034612,9.8695,1005155,0.9886,24125042,23.7282,32299898,31.7685
rustc-demangle,without_native,16976789,1835376,10.8111,5505840,32.4316,917792,5.4062,16,0.0001,4588800,27.0298,4128965,24.3212
scroll,without_native,1436,0,0.0000,318,22.1448,44,3.0641,0,0.0000,610,42.4791,464,32.3120
semver,without_native,269024,33388,12.4108,66572,24.7457,14314,5.3207,286,0.1063,53560,19.9090,100904,37.5074
serde_with,without_native,71808146,6516299,9.0746,18753285,26.1158,4813370,6.7031,818695,1.1401,15632561,21.7699,25273936,35.1965
serde_yaml,without_native,517723923,163889216,31.6557,77288443,14.9285,97974048,18.9240,262116,0.0506,76531326,14.7823,101778774,19.6589
sharded-slab,without_native,5580637434,935277927,16.7593,1077167129,19.3019,27546635,0.4936,65038,0.0012,1958529192,35.0951,1582051513,28.3489
signal-hook,without_native,135132,9601,7.1049,40061,29.6458,13303,9.8444,1070,0.7918,25533,18.8949,45564,33.7181
simdutf8,without_native,80790176,9505167,11.7653,20128658,24.9147,511621,0.6333,59086,0.0731,24310062,30.0904,26275582,32.5232
siphasher,without_native,583615,270446,46.3398,275850,47.2657,1863,0.3192,0,0.0000,8683,1.4878,26773,4.5874
slotmap,without_native,40967747,4664159,11.3850,10437121,25.4764,2780903,6.7880,175014,0.4272,7723410,18.8524,15187140,37.0710
smallvec,without_native,66814,8915,13.3430,14174,21.2141,5945,8.8978,1428,2.1373,13638,20.4119,22714,33.9959
tokio,without_native,1600392530,115645711,7.2261,461078376,28.8103,148529796,9.2808,12570226,0.7854,264035378,16.4982,598533043,37.3991
triomphe,without_native,37698,2956,7.8413,9758,25.8847,2676,7.0985,375,0.9947,9254,24.5477,12679,33.6331
unicode-normalization,without_native,7321083,146712,2.0040,1579031,21.5683,0,0.0000,0,0.0000,1661980,22.7013,3933360,53.7265
utf8parse,without_native,10125825,2111392,20.8516,2111392,20.8516,2111392,20.8516,0,0.0000,2403457,23.7359,1388192,13.7094
uuid,without_native,8327388,908187,10.9060,2600185,31.2245,469534,5.6384,33488,0.4021,2209004,26.5270,2106990,25.3019
value-bag,without_native,3834,19,0.4956,19,0.4956,2,0.0522,0,0.0000,0,0.0000,3794,98.9567
winnow,without_native,2732437,34787,1.2731,42228,1.5454,63547,2.3257,223132,8.1660,1494434,54.6923,874309,31.9974
zopfli,without_native,16668310216,1610703045,9.6633,5087482696,30.5219,1666806179,9.9999,166222097,0.9972,2887158622,17.3212,5249937577,31.4965
aho-corasick,with_native,18102744201,2511894032,13.8758,5224305984,28.8592,1483013525,8.1922,59695233,0.3298,3425099147,18.9203,5398736280,29.8228
arbitrary,with_native,2390513166,309309736,12.9391,698190519,29.2067,179748425,7.5192,2833050,0.1185,328398464,13.7376,872032972,36.4789
arc-swap,with_native,27236218397,3475727459,12.7614,8258528225,30.3219,1638315625,6.0152,20476181,0.0752,2789901290,10.2434,11053269617,40.5830
arrayvec,with_native,774785829,95183551,12.2851,281269653,36.3029,54301140,7.0085,4382711,0.5657,77269708,9.9730,262379066,33.8647
async-lock,with_native,105907164,15315184,14.4610,28396110,26.8123,7101462,6.7054,43147,0.0407,7094430,6.6987,47956831,45.2820
async-std,with_native,595959549,95357456,16.0007,163396659,27.4174,42680433,7.1616,623642,0.1046,46951468,7.8783,246949856,41.4374
async-task,with_native,91888945,5047159,5.4927,33966426,36.9646,2543074,2.7676,1123,0.0012,12531038,13.6372,37800125,41.1367
bimap,with_native,678385,79261,11.6838,186319,27.4651,51671,7.6168,3123,0.4604,111341,16.4127,246670,36.3614
borsh-rs,with_native,81406267,9858770,12.1106,25773380,31.6602,8537170,10.4871,602068,0.7396,11035611,13.5562,25599268,31.4463
brotli-decompressor,with_native,4427644744,572807436,12.9371,1516515956,34.2511,540725159,12.2125,5446259,0.1230,410434435,9.2698,1381715499,31.2066
bstr,with_native,2355921213,376692843,15.9892,722070375,30.6492,231186690,9.8130,6571733,0.2789,294536606,12.5020,724862966,30.7677
bytemuck,with_native,21208,2387,11.2552,6732,31.7427,1449,6.8323,55,0.2593,2856,13.4666,7729,36.4438
byteorder,with_native,170618528,30688704,17.9867,39685272,23.2596,4822797,2.8267,329880,0.1933,48421341,28.3799,46670534,27.3537
bytes,with_native,15738268,1847278,11.7375,3880753,24.6581,1536603,9.7635,82547,0.5245,2208846,14.0349,6182241,39.2816
cc-rs,with_native,19700855,2274507,11.5452,5592088,28.3850,1316025,6.6800,43497,0.2208,3276217,16.6298,7198521,36.5391
chrono,with_native,1048311970,133598183,12.7441,402867716,38.4301,72860985,6.9503,328862,0.0314,172366851,16.4423,266289373,25.4017
clru,with_native,16933031,2186166,12.9107,4193325,24.7642,768596,4.5390,106112,0.6267,3534913,20.8758,6143919,36.2836
colored,with_native,9915967,1260058,12.7074,2562885,25.8460,505454,5.0974,34991,0.3529,992842,10.0126,4559737,45.9838
combine,with_native,466576711,48261886,10.3438,159571449,34.2005,54165402,11.6091,1540311,0.3301,63849737,13.6847,139187926,29.8317
cpp_demangle,with_native,12928063919,1623063680,12.5546,4074001885,31.5129,1141728945,8.8314,17376425,0.1344,1298021908,10.0403,4773871076,36.9264
cssparser,with_native,206829481,34268391,16.5684,49358705,23.8644,22577456,10.9160,115218,0.0557,27880117,13.4798,72629594,35.1157
curl,with_native,55281702,7214465,13.0504,16615893,30.0568,6321631,11.4353,106550,0.1927,7658504,13.8536,17364659,31.4112
dashmap,with_native,10061405,1193678,11.8639,2632067,26.1600,585185,5.8161,36733,0.3651,1403467,13.9490,4210198,41.8450
deranged,with_native,1455971,163733,11.2456,420938,28.9112,111386,7.6503,14748,1.0129,209548,14.3923,535618,36.7877
dlv-list,with_native,68330,8610,12.6006,17698,25.9008,4780,6.9955,196,0.2868,11615,16.9984,25431,37.2179
ego-tree,with_native,135597,14366,10.5946,33646,24.8132,11151,8.2236,570,0.4204,19627,14.4745,56237,41.4736
encoding_rs,with_native,10725368868,1490310890,13.8952,4364086409,40.6894,780765552,7.2796,852172,0.0079,1432674288,13.3578,2656679557,24.7701
filetime,with_native,16348,1942,11.8791,5004,30.6092,1501,9.1816,150,0.9175,1988,12.1605,5763,35.2520
fixedbitset,with_native,14540520,1902237,13.0823,5425610,37.3137,1194637,8.2159,2869,0.0197,1967539,13.5314,4047628,27.8369
flate2,with_native,6753926312,1144179321,16.9410,1882671351,27.8752,313674640,4.6443,42000,0.0006,1430459456,21.1797,1982899544,29.3592
fragile,with_native,224225,27447,12.2408,58073,25.8994,15618,6.9653,1142,0.5093,41417,18.4712,80528,35.9139
fs4,with_native,3682123,456142,12.3880,1029053,27.9473,417706,11.3442,14191,0.3854,529695,14.3856,1235336,33.5496
getrandom,with_native,7652137,1219766,15.9402,3177257,41.5212,1192813,15.5880,10343,0.1352,286353,3.7421,1765605,23.0734
gimli,with_native,727965448,89317929,12.2695,215663897,29.6256,58861497,8.0858,2088815,0.2869,92835522,12.7527,269197788,36.9795
git2,with_native,1271778,148515,11.6777,377656,29.6951,105589,8.3025,9306,0.7317,178338,14.0227,452374,35.5702
h2,with_native,20554726085,3448603966,16.7777,5286054067,25.7170,859680562,4.1824,24091452,0.1172,5412764017,26.3334,5523532021,26.8723
hashbrown,with_native,12447291688,1493117453,11.9955,3041070880,24.4316,463261180,3.7218,47437607,0.3811,3230268279,25.9516,4172136289,33.5184
hashlink,with_native,3456957,408993,11.8310,901008,26.0636,172922,5.0021,16350,0.4730,756140,21.8730,1201544,34.7573
headers,with_native,645782,81318,12.5922,232268,35.9669,53955,8.3550,5341,0.8271,88941,13.7726,183959,28.4862
http,with_native,4141832431,597007401,14.4141,1471555060,35.5291,259216605,6.2585,5026517,0.1214,748715451,18.0769,1060311397,25.6001
http-body,with_native,77280,8873,11.4816,28068,36.3199,7272,9.4099,316,0.4089,9439,12.2140,23312,30.1656
httparse,with_native,39906371771,4890197532,12.2542,11685263656,29.2817,3101243845,7.7713,197903927,0.4959,6564657952,16.4501,13467104859,33.7468
imgref,with_native,96547643,5552970,5.7515,25930976,26.8582,6169880,6.3905,1052,0.0011,15166210,15.7085,43726555,45.2901
indexmap,with_native,1776660968,229919845,12.9411,446549090,25.1342,92303656,5.1953,6572749,0.3699,372641317,20.9743,628674311,35.3852
iri-string,with_native,62351444,6390914,10.2498,19336778,31.0126,3470254,5.5656,386361,0.6197,9450727,15.1572,23316410,37.3951
jni,with_native,6885126873,506023919,7.3495,1670198439,24.2581,213123129,3.0954,72883836,1.0586,603752635,8.7689,3819144915,55.4695
jpeg-decoder,with_native,93092051697,16010853490,17.1989,40463410933,43.4660,14145572844,15.1953,62861652,0.0675,4135919717,4.4428,18273432224,19.6294
lexical-core,with_native,234,14,5.9829,0,0.0000,24,10.2564,2,0.8547,46,19.6581,148,63.2479
libsecp256k1,with_native,70214288,11633147,16.5681,19001688,27.0624,2112562,3.0087,25238,0.0359,19630464,27.9579,17811189,25.3669
log,with_native,90513751,814690,0.9001,37922573,41.8970,414430,0.4579,247,0.0003,2001218,2.2110,49360593,54.5338
loom,with_native,1973887156,270528648,13.7054,699951236,35.4605,138081299,6.9954,4969268,0.2518,283540199,14.3646,576816506,29.2224
matrixmultiply,with_native,37700647224,6318022901,16.7584,8053407351,21.3615,9982451469,26.4782,102193,0.0003,7444741244,19.7470,5901922066,15.6547
memchr,with_native,273400576688,32924847316,12.0427,66999662505,24.5060,17545569249,6.4175,2379778034,0.8704,55175803265,20.1813,98374916319,35.9820
memmap2,with_native,374695,47410,12.6530,139517,37.2348,32213,8.5971,1576,0.4206,33505,8.9419,120474,32.1526
metrics,with_native,8074589,927164,11.4825,2188932,27.1089,703223,8.7091,35070,0.4343,1871724,23.1804,2348476,29.0848
miette,with_native,6207925786,773201754,12.4551,1981436024,31.9178,858003430,13.8211,7963598,0.1283,1049770397,16.9102,1537550583,24.7675
msgpack-rust,with_native,89915592,824580,0.9171,37654469,41.8776,424253,0.4718,653,0.0007,2016364,2.2425,48995273,54.4903
native-tls,with_native,136382959,13401443,9.8263,48984937,35.9172,8000401,5.8661,8624,0.0063,19967986,14.6411,46019568,33.7429
ndarray,with_native,26851990857,4786523874,17.8256,7106398967,26.4651,3833101699,14.2749,601373,0.0022,6091913604,22.6870,5033451340,18.7452
nom,with_native,409375580,65209981,15.9291,127111337,31.0501,23200724,5.6673,359027,0.0877,82842061,20.2362,110652450,27.0296
nu-ansi-term,with_native,90227868,841437,0.9326,37762871,41.8528,431846,0.4786,2592,0.0029,2043571,2.2649,49145551,54.4683
num-bigint,with_native,4676111340,522265489,11.1688,1632266211,34.9065,534474046,11.4299,30183681,0.6455,494587237,10.5769,1462334676,31.2725
ordered-float,with_native,14336779,1907701,13.3063,3355139,23.4023,584413,4.0763,60149,0.4195,2791529,19.4711,5637848,39.3244
ordered-multimap,with_native,481770,57644,11.9650,116663,24.2155,24514,5.0883,1720,0.3570,98318,20.4077,182911,37.9665
os_info,with_native,89974547,864055,0.9603,37626321,41.8189,445659,0.4953,13488,0.0150,2062639,2.2925,48962385,54.4180
ouroboros,with_native,90544308,811639,0.8964,37937767,41.8997,413137,0.4563,17,0.0000,1999720,2.2086,49382028,54.5391
parity-scale-codec,with_native,14257925173,1760906818,12.3504,4496846703,31.5393,1422119140,9.9742,147960083,1.0377,2221742097,15.5825,4208350332,29.5159
parking_lot,with_native,11042649942,1442584414,13.0638,3078890607,27.8818,828351609,7.5014,105678112,0.9570,1139764348,10.3215,4447380852,40.2746
petgraph,with_native,49636333154,5890757601,11.8678,14288569523,28.7865,3787584316,7.6307,125275196,0.2524,10242402699,20.6349,15301743717,30.8277
pin-project-lite,with_native,343352633,31707927,9.2348,129059843,37.5881,21103078,6.1462,2463263,0.7174,24688544,7.1904,134329978,39.1230
polling,with_native,1227255,107272,8.7408,363516,29.6203,65867,5.3670,14677,1.1959,204001,16.6225,471922,38.4535
portable-atomic,with_native,44346582056,6305430863,14.2185,13307178824,30.0072,4929936064,11.1168,290630627,0.6554,6740120812,15.1987,12773284866,28.8033
postcard,with_native,516214,64103,12.4179,190893,36.9794,39934,7.7359,194,0.0376,85544,16.5714,135546,26.2577
pulldown-cmark,with_native,15295029,1906426,12.4644,3885443,25.4033,1115476,7.2931,98561,0.6444,2462524,16.1002,5826599,38.0947
rand,with_native,55648689,7328964,13.1701,14945417,26.8567,3105179,5.5800,204459,0.3674,11468266,20.6083,18596404,33.4175
rayon-core,with_native,3994741617,507708924,12.7094,983464493,24.6190,331885504,8.3081,19367506,0.4848,511797774,12.8118,1640516711,41.0669
rgb,with_native,38149,5330,13.9715,12766,33.4635,2808,7.3606,92,0.2412,5678,14.8837,11475,30.0794
ring,with_native,32972693349,209419342,0.6351,1812801995,5.4979,17445977247,52.9104,125958,0.0004,291911185,0.8853,13212457622,40.0709
rmp,with_native,90826525,979074,1.0780,37875306,41.7007,456421,0.5025,3960,0.0044,2254905,2.4827,49256859,54.2318
ron,with_native,20868529,2198935,10.5371,5745235,27.5306,1106002,5.2999,651157,3.1203,2809469,13.4627,8357731,40.0494
rust-openssl,with_native,308173997,34234525,11.1088,91642825,29.7374,21200411,6.8794,1007456,0.3269,38374896,12.4523,121713884,39.4952
rustc-demangle,with_native,86503203,8424445,9.7389,26756484,30.9312,7074904,8.1788,1823232,2.1077,11882156,13.7361,30541982,35.3073
scroll,with_native,15949,1920,12.0384,5394,33.8203,1432,8.9786,17,0.1066,2126,13.3300,5060,31.7261
semver,with_native,6387946,91238,1.4283,5847920,91.5462,54291,0.8499,4078,0.0638,117008,1.8317,273411,4.2801
serde_with,with_native,247016757,28772866,11.6481,68190662,27.6057,16936389,6.8564,3303221,1.3372,42215659,17.0902,87597960,35.4624
serde_yaml,with_native,528460075,165171554,31.2553,80526526,15.2380,99125265,18.7574,332376,0.0629,78132413,14.7849,105171941,19.9016
sharded-slab,with_native,30333758167,5827698302,19.2119,6528663008,21.5228,388302321,1.2801,12365701,0.0408,9552571114,31.4916,8024157721,26.4529
signal-hook,with_native,34697898,13661581,39.3729,7008659,20.1991,52485,0.1513,1658,0.0048,78831,0.2272,13894684,40.0447
simdutf8,with_native,140558799,17410922,12.3869,38146308,27.1390,1680879,1.1959,175817,0.1251,37719541,26.8354,45425332,32.3177
siphasher,with_native,611228,273594,44.7614,284638,46.5682,4339,0.7099,86,0.0141,11600,1.8978,36971,6.0486
slotmap,with_native,162765596,22802392,14.0093,43731062,26.8675,9803385,6.0230,1328240,0.8160,33090973,20.3304,52009544,31.9536
smallvec,with_native,94414,12534,13.2756,22444,23.7719,8458,8.9584,1564,1.6565,18146,19.2196,31268,33.1180
tokio,with_native,5901440873,663471173,11.2425,1687810092,28.6000,522103572,8.8471,31055640,0.5262,775934359,13.1482,2221066037,37.6360
triomphe,with_native,98013,11337,11.5668,27723,28.2850,7527,7.6796,501,0.5112,18494,18.8689,32431,33.0885
unicode-normalization,with_native,695054016,83734385,12.0472,203960507,29.3446,51663603,7.4330,6785917,0.9763,94834041,13.6441,254075563,36.5548
utf8parse,with_native,1115679324,135079430,12.1074,337445347,30.2457,106572782,9.5523,7601307,0.6813,138750928,12.4365,390229530,34.9769
uuid,with_native,199136393,14940810,7.5028,76330045,38.3305,10034803,5.0392,965504,0.4848,13157963,6.6075,83707268,42.0351
value-bag,with_native,43457,5025,11.5632,11595,26.6815,4081,9.3909,221,0.5085,6493,14.9412,16042,36.9147
winnow,with_native,91315671,3220458,3.5267,3121414,3.4183,12812084,14.0305,881898,0.9658,5018498,5.4958,66261319,72.5629
zopfli,with_native,36721694542,4609923520,12.5537,11756980091,32.0164,3202225882,8.7203,248572843,0.6769,6340990797,17.2677,10563001409,28.7650
