crate,variant,total_cycles,external_cycles,internal_cycles,internal_unsafe_cycles,internal_unsafe_pct
aho-corasick,without_native,63308022844,22645865061,40662157784,27029411283,66.4731
arbitrary,without_native,13116684110,10776186860,2340497250,929952870,39.7331
arc-swap,without_native,42523245948,15972060624,26551185324,2533593602,9.5423
arrayvec,without_native,2461132851,1320774477,1140358374,775154324,67.9746
async-lock,without_native,35837470358,34813480485,1023989873,123875291,12.0973
async-std,without_native,192822569841,5514934193,187307635648,158691209,0.0847
async-task,without_native,68567928706,43843872332,24724056374,153040736,0.6190
bimap,without_native,16669583,7835715,8833868,1094480,12.3896
borsh-rs,without_native,681899839,659884505,22015334,66271,0.3010
brotli-decompressor,without_native,6154811541,6105998378,48813163,26376641,54.0359
bstr,without_native,38399245131,28153982727,10245262404,10079870661,98.3857
bytemuck,without_native,27822897,17489405,10333491,176134,1.7045
byteorder,without_native,68689370,55991858,12697512,2566409,20.2119
bytes,without_native,985556766,510779896,474776870,1899255,0.4000
cc-rs,without_native,6584983021,3045094126,3539888895,53434930,1.5095
chrono,without_native,159793813383,144451017877,15342795506,636855266,4.1508
clru,without_native,197009312,94489500,102519812,43634659,42.5622
colored,without_native,2429772477,7798878,2421973599,496583,0.0205
combine,without_native,24374164137,2571973066,21802191071,771242650,3.5375
cpp_demangle,without_native,40633864345,31524819670,9109044675,954887081,10.4828
cssparser,without_native,4805968673,2386796953,2419171720,1048821326,43.3546
curl,without_native,1518404810,942281440,576123370,38425872,6.6697
dashmap,without_native,223211240,77282691,145928548,39265955,26.9077
deranged,without_native,26148819,16960889,9187930,2595971,28.2541
dlv-list,without_native,10836122,6769017,4067105,16138,0.3968
ego-tree,without_native,27467018,18931244,8535774,185711,2.1757
encoding_rs,without_native,5369585312,3541423336,1828161977,1700428413,93.0130
filetime,without_native,17971631,12226945,5744686,43873,0.7637
fixedbitset,without_native,239965131,114856858,125108273,35433910,28.3226
flate2,without_native,7108670546,401011143,6707659403,951485893,14.1851
fragile,without_native,44840188,26859063,17981125,462952,2.5747
fs4,without_native,880913348,86450723,794462625,936243,0.1178
getrandom,without_native,101021937,52755584,48266352,26378649,54.6523
gimli,without_native,4455673011,3007896002,1447777009,654125976,45.1814
git2,without_native,5878344320,4973586796,904757524,877207,0.0970
h2,without_native,14737155954,10305077923,4432078031,1387439554,31.3045
hashbrown,without_native,139259463038,69927967829,69331495209,33700100337,48.6072
hashlink,without_native,72706622,34392158,38314464,14532940,37.9307
headers,without_native,28460191,17869360,10590831,50275,0.4747
http,without_native,14811816795,9355855162,5455961633,4944111114,90.6185
http-body,without_native,21469435,13503343,7966091,182131,2.2863
httparse,without_native,128962613750,85544848979,43417764771,24461010022,56.3387
imgref,without_native,273924259,209262386,64661873,62042296,95.9488
indexmap,without_native,15693381994,6757637336,8935744657,6438463472,72.0529
iri-string,without_native,433873223,283854193,150019030,65414786,43.6043
jni,without_native,379287198837,13331058766,365956140072,1718347276,0.4696
jpeg-decoder,without_native,3651927878323,23861041438,3628066836886,236924599751,6.5303
lexical-core,without_native,6060372,4427896,1632476,10848,0.6645
libsecp256k1,without_native,650506444,594228726,56277718,1957921,3.4790
log,without_native,197758066,100650513,97107553,28276426,29.1187
loom,without_native,14279112537,6877846651,7401265886,4611089,0.0623
matrixmultiply,without_native,85032118159,17128615071,67903503088,4498632824,6.6250
memchr,without_native,1960941770979,685526335293,1275415435686,941417731181,73.8126
memmap2,without_native,24960840,14338420,10622420,56187,0.5289
metrics,without_native,16495955522,5583046826,10912908696,23136648,0.2120
miette,without_native,17425549673,6384001724,11041547949,119778374,1.0848
msgpack-rust,without_native,230484157,123022679,107461478,29666826,27.6069
native-tls,without_native,15184110621,4395126915,10788983706,171955601,1.5938
ndarray,without_native,223723070371,84503920042,139219150329,66099510836,47.4787
nom,without_native,130143150,96908366,33234784,1601910,4.8200
nu-ansi-term,without_native,212317393,110659115,101658278,26341816,25.9121
num-bigint,without_native,9831812947,4919371043,4912441904,952831798,19.3963
ordered-float,without_native,196179748,132575804,63603944,51739709,81.3467
ordered-multimap,without_native,19929773,8755206,11174567,300491,2.6891
os_info,without_native,562760090,470358872,92401218,27658807,29.9334
ouroboros,without_native,182794051,93203713,89590338,27019924,30.1594
parity-scale-codec,without_native,93064871239,39828398844,53236472394,10867777094,20.4142
parking_lot,without_native,1069534233613,28684659498,1040849574115,82309100035,7.9079
petgraph,without_native,642920561861,300697243086,342223318776,207008351992,60.4893
pin-project-lite,without_native,8910040716,2935044224,5974996492,27146141,0.4543
polling,without_native,67446774886,27141426939,40305347947,4753229,0.0118
portable-atomic,without_native,71129112607,67875049351,3254063256,595786077,18.3090
postcard,without_native,17035813,13039644,3996169,1395764,34.9276
pulldown-cmark,without_native,177152061,117770853,59381208,14691394,24.7408
rand,without_native,195051580,169013227,26038353,4631734,17.7881
rayon-core,without_native,582374343366,33781963847,548592379519,220985198613,40.2822
rgb,without_native,59319329,33986849,25332480,90228,0.3562
ring,without_native,199489538318,107736104411,91753433907,8202346977,8.9396
rmp,without_native,197586446,103617202,93969244,27364337,29.1205
ron,without_native,271291936,194141704,77150232,2960161,3.8369
rust-openssl,without_native,27379428093,16748674039,10630754054,858232370,8.0731
rustc-demangle,without_native,765727690,621234677,144493013,58411343,40.4250
scroll,without_native,17665501,12214419,5451082,21811,0.4001
semver,without_native,98383128,54906138,43476991,2777292,6.3880
serde_with,without_native,842988788,136448211,706540577,19947506,2.8233
serde_yaml,without_native,220001137,97157943,122843194,28806265,23.4496
sharded-slab,without_native,3744582868,2744857287,999725581,199751839,19.9807
signal-hook,without_native,8903583635,4747479370,4156104264,1816649,0.0437
simdutf8,without_native,200042687,101673306,98369381,94030655,95.5894
siphasher,without_native,138444370,71540823,66903547,20513977,30.6620
slotmap,without_native,887044022,488829094,398214928,221085944,55.5193
smallvec,without_native,18805837,7885947,10919891,252636,2.3135
tokio,without_native,231555301179,72639953242,158915347936,9132029426,5.7465
triomphe,without_native,17193763,10441172,6752591,82077,1.2155
unicode-normalization,without_native,2610462211,1979217667,631244544,96223747,15.2435
utf8parse,without_native,4294035775,3729603931,564431844,157744951,27.9476
uuid,without_native,13600021819,108382075,13491639744,30016860,0.2225
value-bag,without_native,15829234,7499063,8330170,1180,0.0142
winnow,without_native,44200285643,22789787997,21410497646,5436482,0.0254
zopfli,without_native,194060568003,110825883365,83234684638,38885161673,46.7175
aho-corasick,with_native,324307222202,44758153157,279549069045,177661628432,63.5529
arbitrary,with_native,80072012525,58888165658,21183846867,19621162752,92.6232
arc-swap,with_native,107566996877,41283206648,66283790229,25442098053,38.3836
arrayvec,with_native,37300573722,18740579251,18559994471,9438114212,50.8519
async-lock,with_native,65326011636,2601347806,62724663830,62446620681,99.5567
async-std,with_native,205544464099,5858056530,199686407569,333520855,0.1670
async-task,with_native,72531157505,23497465438,49033692067,36870800036,75.1948
bimap,with_native,16238588,7735543,8503045,2088386,24.5604
borsh-rs,with_native,2270264563,1381498093,888766470,534849932,60.1789
brotli-decompressor,with_native,145990740309,62984866637,83005873672,43621336506,52.5521
bstr,with_native,41586074410,20267980799,21318093611,11602904479,54.4275
bytemuck,with_native,28168404,17895406,10272997,671526,6.5368
byteorder,with_native,89497972,65178872,24319100,14023296,57.6637
bytes,with_native,1155791638,584658400,571133238,301813112,52.8446
cc-rs,with_native,6980268551,2942588430,4037680121,200172158,4.9576
chrono,with_native,180641830870,19075820228,161566010641,143375292478,88.7410
clru,with_native,321438772,159291688,162147084,93602315,57.7268
colored,with_native,2380981306,2432930,2378548376,2550520,0.1072
combine,with_native,58619667413,1876566057,56743101356,5236757951,9.2289
cpp_demangle,with_native,372192642643,200172420527,172020222116,94085245242,54.6943
cssparser,with_native,4987280155,2389438980,2597841175,1138717209,43.8332
curl,with_native,3083326686,1098248252,1985078434,1290968545,65.0336
dashmap,with_native,411853748,114675799,297177949,87615845,29.4826
deranged,with_native,59397403,27662158,31735245,10040832,31.6394
dlv-list,with_native,18788524,7178654,11609870,156868,1.3512
ego-tree,with_native,32877241,20597957,12279284,2272331,18.5054
encoding_rs,with_native,206494995634,64553599342,141941396291,138565485750,97.6216
filetime,with_native,19791417,12614135,7177282,210360,2.9309
fixedbitset,with_native,597935385,248978122,348957263,140719772,40.3258
flate2,with_native,81332394684,26651207503,54681187181,35244889309,64.4552
fragile,with_native,52128067,24770075,27357992,5859549,21.4181
fs4,with_native,2484016554,189081119,2294935435,71582603,3.1192
getrandom,with_native,565733440,332497975,233235465,181319461,77.7409
gimli,with_native,19779617174,11747707203,8031909971,5798406275,72.1921
git2,with_native,5801271179,4857022061,944249118,4328101,0.4584
h2,with_native,95010891712,41900080554,53110811158,36833885017,69.3529
hashbrown,with_native,273506639770,185069840412,88436799358,85721624297,96.9298
hashlink,with_native,84497541,40638014,43859527,21582997,49.2094
headers,with_native,46478058,22192393,24285665,4575302,18.8395
http,with_native,116765600699,75480629801,41284970897,40215643225,97.4099
http-body,with_native,29515979,16689601,12826378,2100398,16.3756
httparse,with_native,780933510032,426219556064,354713953968,273125455580,76.9988
imgref,with_native,1382332124,943699624,438632500,434885931,99.1459
indexmap,with_native,18752416828,3024849821,15727567007,15314356078,97.3727
iri-string,with_native,2252478846,1166462486,1086016359,625604478,57.6054
jni,with_native,615061465806,15689217398,599372248409,15632717464,2.6082
jpeg-decoder,with_native,102074645036493,2934033645646,99140611390847,1286573778204,1.2977
lexical-core,with_native,8337490,5279424,3058066,50418,1.6487
libsecp256k1,with_native,792769613,659320872,133448741,63039057,47.2384
log,with_native,6434912768,3218809622,3216103145,1341756356,41.7199
loom,with_native,58674773171,28615155815,30059617357,16265824,0.0541
matrixmultiply,with_native,397775752426,70291937492,327483814934,50911484913,15.5463
memchr,with_native,4407721581973,1740651307722,2667070274251,2039166443771,76.4572
memmap2,with_native,62030848,35542953,26487895,10973563,41.4286
metrics,with_native,3863754564,1346598695,2517155869,69009269,2.7416
miette,with_native,8190890667,3239559539,4951331128,489975828,9.8958
msgpack-rust,with_native,7640854097,3827652295,3813201802,1590235861,41.7034
native-tls,with_native,18149901571,5031038469,13118863102,1571772230,11.9810
ndarray,with_native,254484078703,75461719075,179022359628,98231676313,54.8712
nom,with_native,235367516,142891782,92475734,53377069,57.7201
nu-ansi-term,with_native,6556269193,3281954519,3274314674,1364658495,41.6777
num-bigint,with_native,153276959806,57547865650,95729094156,46276631285,48.3412
ordered-float,with_native,296982878,165746777,131236101,105059048,80.0535
ordered-multimap,with_native,24429231,9134108,15295123,771786,5.0460
os_info,with_native,6834877380,3419302506,3415574873,1349553773,39.5118
ouroboros,with_native,6655414258,3329138041,3326276216,1390118982,41.7920
parity-scale-codec,with_native,316195982527,155165308308,161030674219,121413245115,75.3976
parking_lot,with_native,2248558185717,49649379660,2198908806057,198811213036,9.0414
petgraph,with_native,735526405053,246164630506,489361774546,474282609854,96.9186
pin-project-lite,with_native,9003314662,4277044354,4726270308,1528164773,32.3334
polling,with_native,67498492142,24358470904,43140021238,4611142092,10.6888
portable-atomic,with_native,216696572682,30196756076,186499816606,170222887946,91.2724
postcard,with_native,37376979,23228901,14148078,9139179,64.5966
pulldown-cmark,with_native,552152094,286571298,265580796,84808665,31.9333
rand,with_native,1348489983,615512660,732977323,463688455,63.2610
rayon-core,with_native,828523192167,39716919939,788806272228,279417828030,35.4229
rgb,with_native,66827632,35647754,31179878,1331468,4.2703
ring,with_native,20451255839884,9559554277387,10891701562497,4419661203423,40.5782
rmp,with_native,6371345546,3189442571,3181902975,1329972629,41.7980
ron,with_native,1089309476,602955830,486353647,322960293,66.4044
rust-openssl,with_native,35572403228,25314578745,10257824483,2346719558,22.8774
rustc-demangle,with_native,3533887084,2574751921,959135163,774821526,80.7834
scroll,with_native,17499068,12436526,5062542,189069,3.7347
semver,with_native,1625875894,1265523100,360352794,327416433,90.8600
serde_with,with_native,1168741779,323809300,844932479,147378730,17.4427
serde_yaml,with_native,444476634,171846712,272629922,139218988,51.0652
sharded-slab,with_native,11820992575,6708294848,5112697727,4627811017,90.5160
signal-hook,with_native,9386984610,4633773392,4753211218,591087326,12.4355
simdutf8,with_native,979871182,491141072,488730110,440535727,90.1389
siphasher,with_native,145149431,74024706,71124725,22447451,31.5607
slotmap,with_native,1806609449,574755740,1231853710,1095243166,88.9102
smallvec,with_native,14932132,7720295,7211836,314596,4.3622
tokio,with_native,340457965768,111031462902,229426502866,43913652455,19.1406
triomphe,with_native,19689499,11907033,7782466,1010990,12.9906
unicode-normalization,with_native,20862069341,11184145175,9677924166,6872645811,71.0136
utf8parse,with_native,31259867001,17815284247,13444582754,9956144997,74.0532
uuid,with_native,11893350299,3712055209,8181295091,1547381809,18.9137
value-bag,with_native,12374098,7041358,5332740,69074,1.2953
winnow,with_native,20600847987,6512641599,14088206387,202767976,1.4393
zopfli,with_native,528538762536,265632744162,262906018374,214582758489,81.6196
