crate,variant,total_cycles,external_cycles,internal_cycles,internal_unsafe_cycles,whole_program_unsafe_cycles,internal_unsafe_pct,whole_program_unsafe_pct,reported_unsafe_pct
aho-corasick,without_native,61418924948,21957012241,39461912707,26164802755,27826177076,66.3039,45.3055,45.3055
arbitrary,without_native,12544243954,10685305833,1858938121,803659935,803678016,43.2322,6.4067,6.4067
arc-swap,without_native,51066447533,14675123309,36391324225,4105793212,15540059725,11.2823,30.4311,30.4311
arrayvec,without_native,2578305893,1334592634,1243713259,781007385,781007608,62.7964,30.2915,30.2915
async-lock,without_native,35974615546,34958479551,1016135995,121999830,156027713,12.0063,0.4337,0.4337
async-std,without_native,192939003757,7080356912,185858646845,360332916,13304885814,0.1939,6.8959,6.8959
async-task,without_native,68875568534,44102593279,24772975255,146266039,146417450,0.5904,0.2126,0.2126
bimap,without_native,13856027,7563123,6292904,662867,694010,10.5336,5.0087,5.0087
borsh-rs,without_native,771376143,761084788,10291356,288806,291472,2.8063,0.0378,0.0378
brotli-decompressor,without_native,5998645760,5944428975,54216785,26713277,26713277,49.2712,0.4453,0.4453
bstr,without_native,39122044546,27813652275,11308392272,9865124695,9871862210,87.2372,25.2335,25.2335
bytemuck,without_native,31775427,20511357,11264070,122316,122316,1.0859,0.3849,0.3849
byteorder,without_native,91938688,41074887,50863801,0,0,0.0000,0.0000,0.0000
bytes,without_native,964383875,499838544,464545332,1846092,1847900,0.3974,0.1916,0.1916
cc-rs,without_native,6835623213,3146701265,3688921949,52538527,80357227,1.4242,1.1756,1.1756
chrono,without_native,163980311008,148329070922,15651240087,629400653,629421332,4.0214,0.3838,0.3838
clru,without_native,199328408,96610556,102717852,44344653,60679913,43.1713,30.4422,30.4422
colored,without_native,2648798528,7704317,2641094212,5840910,6175614,0.2212,0.2331,0.2331
combine,without_native,24395407994,1866740865,22528667129,795302757,1007395227,3.5302,4.1294,4.1294
cpp_demangle,without_native,40458365308,31487460664,8970904644,934735463,934749044,10.4196,2.3104,2.3104
cssparser,without_native,4707163788,2337651754,2369512034,1024985093,1026543167,43.2572,21.8081,21.8081
curl,without_native,1479998981,957036347,522962634,185017118,383455468,35.3786,25.9092,25.9092
dashmap,without_native,251157128,67330024,183827105,39922574,46396891,21.7175,18.4733,18.4733
deranged,without_native,34309942,18435289,15874653,2529919,2954940,15.9368,8.6125,8.6125
dlv-list,without_native,42877171,8316041,34561130,53777,55276,0.1556,0.1289,0.1289
ego-tree,without_native,33201669,20471861,12729808,122440,122440,0.9618,0.3688,0.3688
encoding_rs,without_native,5273720222,3470442789,1803277434,1678460412,1678460412,93.0783,31.8269,31.8269
filetime,without_native,19285507,13850293,5435214,31067,87323,0.5716,0.4528,0.4528
fixedbitset,without_native,235935992,113064339,122871652,34480362,34480362,28.0621,14.6143,14.6143
flate2,without_native,10919188797,792502183,10126686614,4489906790,5223632186,44.3374,47.8390,47.8390
fragile,without_native,55284845,26685892,28598953,285851,682632,0.9995,1.2348,1.2348
fs4,without_native,1446562275,132422944,1314139331,2522285,145858641,0.1919,10.0831,10.0831
getrandom,without_native,101012447,52279743,48732704,29363974,29441574,60.2552,29.1465,29.1465
gimli,without_native,4311304099,2906577967,1404726132,634855176,635794520,45.1942,14.7472,14.7472
git2,without_native,5182272180,4016943184,1165328996,914904,684362396,0.0785,13.2058,13.2058
h2,without_native,38903155066,20278776974,18624378092,13379057514,13666237677,71.8363,35.1289,35.1289
hashbrown,without_native,135272267743,67966508208,67305759535,32732747440,32733998607,48.6329,24.1986,24.1986
hashlink,without_native,63698192,31775871,31922321,12961367,13058780,40.6028,20.5010,20.5010
headers,without_native,20280708,16390741,3889967,54034,60266,1.3891,0.2972,0.2972
http,without_native,20878487001,12877742461,8000744540,7409602966,7438890575,92.6114,35.6295,35.6295
http-body,without_native,19711465,13461143,6250322,85473,203723,1.3675,1.0335,1.0335
httparse,without_native,129356753327,85817869954,43538883372,24543285109,24543288543,56.3710,18.9733,18.9733
imgref,without_native,287566888,219428894,68137994,65203069,65209093,95.6927,22.6761,22.6761
indexmap,without_native,15575188434,6889117410,8686071025,6337240749,6478249175,72.9587,41.5934,41.5934
iri-string,without_native,666302197,327612109,338690088,228955149,262042135,67.6002,39.3278,39.3278
jni,without_native,391434618031,13826762316,377607855715,1719100714,1886750324,0.4553,0.4820,0.4820
jpeg-decoder,without_native,3110403685818,23688332703,3086715353115,170257657683,170257883052,5.5158,5.4738,5.4738
lexical-core,without_native,7937140,6075886,1861253,11374,11374,0.6111,0.1433,0.1433
libsecp256k1,without_native,2522813819,1951289858,571523961,281600470,387842491,49.2719,15.3734,15.3734
log,without_native,192341572,98355215,93986357,27961384,27979978,29.7505,14.5470,14.5470
loom,without_native,15100789292,7278551723,7822237569,21563702,48190607,0.2757,0.3191,0.3191
matrixmultiply,without_native,85150728355,21023821787,64126906568,4479468817,40594476981,6.9853,47.6737,47.6737
memchr,without_native,2175593554334,759939776258,1415653778075,1045061800689,1319296579614,73.8218,60.6408,60.6408
memmap2,without_native,32332236,20102815,12229420,77814,8026898,0.6363,24.8263,24.8263
metrics,without_native,3968549008,1782449725,2186099283,29228350,29878296,1.3370,0.7529,0.7529
miette,without_native,74542683104,22612147626,51930535478,1654674364,1661033439,3.1863,2.2283,2.2283
msgpack-rust,without_native,227167288,117445176,109722112,29387471,29406164,26.7835,12.9447,12.9447
native-tls,without_native,16692748026,3192074098,13500673928,172360577,531357018,1.2767,3.1832,3.1832
ndarray,without_native,249120116256,95538435222,153581681034,59605664320,90828966189,38.8104,36.4599,36.4599
nom,without_native,843553150,662677372,180875778,154023811,154071137,85.1545,18.2645,18.2645
nu-ansi-term,without_native,214718440,112302482,102415959,28086539,28105812,27.4240,13.0896,13.0896
num-bigint,without_native,9693289687,4827835116,4865454571,936892000,936909944,19.2560,9.6656,9.6656
ordered-float,without_native,214229836,132577863,81651973,50793907,50983435,62.2078,23.7985,23.7985
ordered-multimap,without_native,21319695,8972932,12346763,335479,339131,2.7171,1.5907,1.5907
os_info,without_native,568226817,468007838,100218980,26740469,26754975,26.6820,4.7085,4.7085
ouroboros,without_native,178939640,91045966,87893674,27002533,27020666,30.7218,15.1004,15.1004
parity-scale-codec,without_native,68489719498,38847903110,29641816388,10754062252,11410252453,36.2800,16.6598,16.6598
parking_lot,without_native,1134577166256,25895396008,1108681770247,72398110221,1007228809060,6.5301,88.7757,88.7757
petgraph,without_native,724957729348,345291294648,379666434700,235946291740,243553253459,62.1457,33.5955,33.5955
pin-project-lite,without_native,2445320322,962784117,1482536205,28082693,28243062,1.8942,1.1550,1.1550
polling,without_native,67557720448,25174135342,42383585106,4559528,204051885,0.0108,0.3020,0.3020
portable-atomic,without_native,71338329751,69423901351,1914428400,785472010,785478815,41.0291,1.1011,1.1011
postcard,without_native,12756393,10122291,2634102,391255,391255,14.8535,3.0671,3.0671
pulldown-cmark,without_native,214090312,116277394,97812918,15205266,15205266,15.5453,7.1023,7.1023
rand,without_native,226470469,181851366,44619103,22426409,22513059,50.2619,9.9408,9.9408
rayon-core,without_native,595338849138,34270151095,561068698043,215388993271,229505383412,38.3891,38.5504,38.5504
rgb,without_native,45168669,31227457,13941212,45263,45414,0.3247,0.1005,0.1005
ring,without_native,198357756381,106991742958,91366013424,8177763590,10569967301,8.9506,5.3287,5.3287
rmp,without_native,209944348,108200927,101743421,29715434,29754403,29.2062,14.1725,14.1725
ron,without_native,235272325,176784434,58487891,5416174,5727085,9.2603,2.4342,2.4342
rust-openssl,without_native,27896975820,11487165258,16409810562,848896486,1855016447,5.1731,6.6495,6.6495
rustc-demangle,without_native,759729434,618385741,141343693,57614068,57632546,40.7617,7.5859,7.5859
scroll,without_native,16777855,10988103,5789752,12741,12741,0.2201,0.0759,0.0759
semver,without_native,90174657,51197393,38977264,2564898,10597264,6.5805,11.7519,11.7519
serde_with,without_native,5170291172,1235702807,3934588365,550146903,563733945,13.9823,10.9033,10.9033
serde_yaml,without_native,8617324392,3139614968,5477709424,62237891,5423466385,1.1362,62.9368,62.9368
sharded-slab,without_native,40559037711,16798667576,23760370135,22036409433,22036720693,92.7444,54.3325,54.3325
signal-hook,without_native,10301796232,5077911045,5223885188,2665399,2823930746,0.0510,27.4120,27.4120
simdutf8,without_native,190562390,97423989,93138401,90107647,90149526,96.7460,47.3071,47.3071
siphasher,without_native,138996834,74723224,64273610,21505347,21505347,33.4591,15.4718,15.4718
slotmap,without_native,951424106,509401437,442022669,266496981,267560945,60.2903,28.1222,28.1222
smallvec,without_native,30658142,8395565,22262577,352149,354070,1.5818,1.1549,1.1549
tokio,without_native,236731034793,52300042254,184430992539,9827660689,157136633156,5.3286,66.3777,66.3777
triomphe,without_native,15503376,9919797,5583579,69302,69302,1.2412,0.4470,0.4470
unicode-normalization,without_native,2355137550,1786841993,568295557,85732217,85732217,15.0859,3.6402,3.6402
utf8parse,without_native,3731352880,3238316241,493036639,136478661,136478661,27.6812,3.6576,3.6576
uuid,without_native,4806061624,513391891,4292669733,37565436,38259759,0.8751,0.7961,0.7961
value-bag,without_native,10041642,7311223,2730419,411,411,0.0150,0.0041,0.0041
winnow,without_native,19483909616,14484550859,4999358758,43449006,43463909,0.8691,0.2231,0.2231
zopfli,without_native,218540792008,115388939421,103151852587,46309998110,46359307650,44.8950,21.2131,21.2131
aho-corasick,with_native,318507421019,43852424346,274654996673,173773006127,195043807339,63.2696,61.2368,61.2368
arbitrary,with_native,79588910543,58470250012,21118660531,19412019824,19703847124,91.9188,24.7570,24.7570
arc-swap,with_native,111388244598,41819086999,69569157599,30254639600,67143380704,43.4886,60.2787,60.2787
arrayvec,with_native,37047843623,18574339946,18473503677,9353509425,9353538639,50.6320,25.2472,25.2472
async-lock,with_native,64995716744,2585945810,62409770934,62115122285,62234444022,99.5279,95.7516,95.7516
async-std,with_native,204648731850,5640555165,199008176684,52145473,14430024428,0.0262,7.0511,7.0511
async-task,with_native,72435460217,23415450095,49020010123,36848173785,36850974711,75.1697,50.8742,50.8742
bimap,with_native,17105015,8132219,8972796,2785333,2968384,31.0420,17.3539,17.3539
borsh-rs,with_native,4160836907,1647438431,2513398476,916832574,959998473,36.4778,23.0722,23.0722
brotli-decompressor,with_native,141726854132,61147491615,80579362517,42373969144,42404678081,52.5866,29.9200,29.9200
bstr,with_native,60722371707,21643024279,39079347429,20536910180,20675268483,52.5518,34.0488,34.0488
bytemuck,with_native,29790378,18966762,10823615,461665,467190,4.2654,1.5683,1.5683
byteorder,with_native,156054780,99003069,57051711,276976,277999,0.4855,0.1781,0.1781
bytes,with_native,1168694625,585948328,582746297,309779992,337916046,53.1586,28.9140,28.9140
cc-rs,with_native,7085357137,2899625908,4185731228,203521224,680651618,4.8623,9.6065,9.6065
chrono,with_native,185206841050,19439743406,165767097644,147259048056,147478337115,88.8349,79.6290,79.6290
clru,with_native,329893622,160160570,169733052,94307386,113029032,55.5622,34.2623,34.2623
colored,with_native,4889465184,106443868,4783021316,44760431,46746352,0.9358,0.9561,0.9561
combine,with_native,60794582198,2040965199,58753616999,5469349950,6168345109,9.3090,10.1462,10.1462
cpp_demangle,with_native,361688996975,194634952128,167054044847,91368412887,93769313999,54.6939,25.9254,25.9254
cssparser,with_native,4948329113,2347783975,2600545138,1157058429,1169266392,44.4929,23.6295,23.6295
curl,with_native,2980482555,1046642850,1933839705,1338264775,1572023169,69.2025,52.7439,52.7439
dashmap,with_native,375629594,105569795,270059800,81836514,93226201,30.3031,24.8187,24.8187
deranged,with_native,85927977,52959926,32968050,17148433,18362853,52.0153,21.3701,21.3701
dlv-list,with_native,43745853,8097578,35648275,421864,460838,1.1834,1.0534,1.0534
ego-tree,with_native,34393637,20355357,14038280,1273579,1454511,9.0722,4.2290,4.2290
encoding_rs,with_native,200924170791,62859450895,138064719896,134829319374,134869283026,97.6566,67.1245,67.1245
filetime,with_native,18481153,11632645,6848508,456612,638530,6.6673,3.4550,3.4550
fixedbitset,with_native,578793260,246775174,332018086,139189700,140598021,41.9223,24.2916,24.2916
flate2,with_native,117912900184,27534810613,90378089571,64014953902,64801301406,70.8302,54.9569,54.9569
fragile,with_native,68898286,22226470,46671816,5325465,6457198,11.4105,9.3721,9.3721
fs4,with_native,1678164702,147702997,1530461705,11004691,182602308,0.7190,10.8811,10.8811
getrandom,with_native,555809983,322662886,233147097,184900943,185906968,79.3066,33.4479,33.4479
gimli,with_native,19498909505,11583016223,7915893283,5709032335,5826342824,72.1211,29.8804,29.8804
git2,with_native,5108776033,3845754448,1263021585,5724910,686986915,0.4533,13.4472,13.4472
h2,with_native,241682975259,118901271998,122781703261,107923309716,109234892422,87.8985,45.1976,45.1976
hashbrown,with_native,220373816476,152809754869,67564061607,64843888988,64893243778,95.9739,29.4469,29.4469
hashlink,with_native,83452195,38519480,44932715,21854842,22328274,48.6390,26.7558,26.7558
headers,with_native,29459583,19142821,10316762,3677162,3853545,35.6426,13.0808,13.0808
http,with_native,123125467165,77957255667,45168211498,43959783440,44451098245,97.3246,36.1023,36.1023
http-body,with_native,23775194,14900695,8874499,2402830,2673775,27.0757,11.2461,11.2461
httparse,with_native,779234322642,425288348549,353945974093,272591026335,283507702960,77.0149,36.3829,36.3829
imgref,with_native,1445911883,988736058,457175825,454259290,454677542,99.3621,31.4457,31.4457
indexmap,with_native,18884577064,3336110326,15548466738,15167671238,15430614013,97.5509,81.7101,81.7101
iri-string,with_native,2530337012,1231219154,1299117857,806071396,847768104,62.0476,33.5042,33.5042
jni,with_native,684705763585,17271496193,667434267392,18580573090,18906474484,2.7839,2.7613,2.7613
jpeg-decoder,with_native,101695080729133,2960640270353,98734440458780,1316676348259,1317945899526,1.3336,1.2960,1.2960
lexical-core,with_native,8130444,5344877,2785567,50883,50883,1.8267,0.6258,0.6258
libsecp256k1,with_native,3221184509,2411775071,809409439,619145121,734279116,76.4934,22.7953,22.7953
log,with_native,6452655215,3226840764,3225814451,1345563260,1345833249,41.7124,20.8570,20.8570
loom,with_native,61258922495,30118219394,31140703101,365051448,386383129,1.1723,0.6307,0.6307
matrixmultiply,with_native,397272626973,70335520124,326937106849,31838400854,150590364485,9.7384,37.9061,37.9061
memchr,with_native,4857472819967,1916462138592,2941010681375,2255589642706,2577033421515,76.6944,53.0530,53.0530
memmap2,with_native,51163448,28905755,22257692,10291957,16103801,46.2400,31.4752,31.4752
metrics,with_native,4168806509,1527376578,2641429930,117491060,124411924,4.4480,2.9844,2.9844
miette,with_native,304846936384,114864990017,189981946367,40903208104,41530391808,21.5301,13.6234,13.6234
msgpack-rust,with_native,6412744124,3212211060,3200533064,1332965714,1333296880,41.6482,20.7914,20.7914
native-tls,with_native,24490800810,5460261853,19030538957,2231287878,2603037250,11.7248,10.6286,10.6286
ndarray,with_native,320509404705,68932702384,251576702321,94649933513,176670488102,37.6227,55.1218,55.1218
nom,with_native,8094524079,1217950039,6876574040,3842821604,3875316380,55.8828,47.8758,47.8758
nu-ansi-term,with_native,6458557538,3233334652,3225222886,1345414915,1345860147,41.7154,20.8384,20.8384
num-bigint,with_native,150125276722,56374704192,93750572530,45265185516,46497109811,48.2826,30.9722,30.9722
ordered-float,with_native,319184772,167748929,151435843,105749332,105925367,69.8311,33.1862,33.1862
ordered-multimap,with_native,25664955,9825353,15839602,1243038,1340032,7.8477,5.2213,5.2213
os_info,with_native,6664419105,3336399967,3328019138,1315679268,1315991302,39.5334,19.7465,19.7465
ouroboros,with_native,6456596328,3230007539,3226588789,1348372755,1348632250,41.7894,20.8877,20.8877
parity-scale-codec,with_native,320765185252,153160722272,167604462980,122118842981,126167697771,72.8613,39.3334,39.3334
parking_lot,with_native,1939776856692,42496493303,1897280363389,171720807870,1742147556070,9.0509,89.8118,89.8118
petgraph,with_native,857496599831,311932519386,545564080445,526900415253,535023020101,96.5790,62.3936,62.3936
pin-project-lite,with_native,28770973053,11255869846,17515103207,4544881643,4615072566,25.9484,16.0407,16.0407
polling,with_native,67662720559,24407113537,43255607022,4613254572,4818761920,10.6651,7.1217,7.1217
portable-atomic,with_native,201187175705,25446585085,175740590620,157985429254,161096328379,89.8969,80.0729,80.0729
postcard,with_native,36439753,22876546,13563207,8766183,8825441,64.6321,24.2193,24.2193
pulldown-cmark,with_native,539861633,283899147,255962486,80573438,81683777,31.4786,15.1305,15.1305
rand,with_native,1532517979,702767620,829750359,559585113,566942852,67.4402,36.9942,36.9942
rayon-core,with_native,806944170246,39428601624,767515568622,256724894552,275660502965,33.4488,34.1610,34.1610
rgb,with_native,48720567,31624840,17095727,1136414,1193660,6.6474,2.4500,2.4500
ring,with_native,20137736012159,9400916942725,10736819069434,4383587715860,4387135364194,40.8276,21.7856,21.7856
rmp,with_native,6473624929,3235623746,3238001183,1353701192,1354212067,41.8067,20.9189,20.9189
ron,with_native,1063328742,601179746,462148997,313755796,325372140,67.8906,30.5994,30.5994
rust-openssl,with_native,34763800726,16593506075,18170294651,2316236726,3303383697,12.7474,9.5024,9.5024
rustc-demangle,with_native,3501321609,2561377190,939944420,771640191,772470724,82.0942,22.0623,22.0623
scroll,with_native,16112371,11272936,4839435,127090,140632,2.6261,0.8728,0.8728
semver,with_native,1617652239,1259494907,358157332,325827832,336747074,90.9734,20.8170,20.8170
serde_with,with_native,11651995630,3520008157,8131987473,2127044099,2238183691,26.1565,19.2086,19.2086
serde_yaml,with_native,8793115969,3177754244,5615361725,153656911,5543446267,2.7364,63.0430,63.0430
sharded-slab,with_native,306394667195,133031119693,173363547501,165944158046,166873519448,95.7203,54.4636,54.4636
signal-hook,with_native,8850601333,3648579346,5202021987,599253714,2674009912,11.5196,30.2127,30.2127
simdutf8,with_native,1007032883,504553500,502479383,453042906,453810945,90.1615,45.0642,45.0642
siphasher,with_native,134820776,72603690,62217086,20878738,21046744,33.5579,15.6109,15.6109
slotmap,with_native,2208027135,668345540,1539681594,1409860958,1426203306,91.5683,64.5917,64.5917
smallvec,with_native,33640822,8151704,25489117,650803,703046,2.5533,2.0899,2.0899
tokio,with_native,382478238991,106871724383,275606514607,51533007234,209161110017,18.6980,54.6858,54.6858
triomphe,with_native,18098010,12157540,5940470,1044653,1143825,17.5854,6.3202,6.3202
unicode-normalization,with_native,18533965671,9945770740,8588194931,6100843937,6259761314,71.0376,33.7745,33.7745
utf8parse,with_native,28146155435,16032440768,12113714666,8967844424,9152388177,74.0305,32.5174,32.5174
uuid,with_native,19487915969,3447938654,16039977315,2669030748,2702019040,16.6399,13.8651,13.8651
value-bag,with_native,11242291,7483102,3759189,113793,139526,3.0271,1.2411,1.2411
winnow,with_native,52791204041,13667333639,39123870401,3217615245,3219315080,8.2242,6.0982,6.0982
zopfli,with_native,596667229168,305629070420,291038158748,243397107078,243940363806,83.6307,40.8838,40.8838
