crate,variant,total_instructions,unsafe_instructions,unsafe_instruction_pct
aho-corasick,without_native,76520108300,3693807650,4.8272
arbitrary,without_native,14609572700,218235833,1.4938
arc-swap,without_native,112471191891,2557560744,2.2740
arrayvec,without_native,2389697394,122883681,5.1422
async-lock,without_native,697763206,3801669,0.5448
async-std,without_native,4047415769,108792644,2.6880
async-task,without_native,358231040,46197017,12.8959
bimap,without_native,2040844,175016,8.5757
borsh-rs,without_native,364948095,113989,0.0312
brotli-decompressor,without_native,35930031137,5997078,0.0167
bstr,without_native,9761188546,1100889375,11.2782
bytemuck,without_native,135316,4615,3.4105
byteorder,without_native,460743271,26240397,5.6952
bytes,without_native,47797678,5609961,11.7369
cc-rs,without_native,70063431,2589681,3.6962
chrono,without_native,6936344039,198863209,2.8670
clru,without_native,63992964,9400027,14.6892
colored,without_native,62389850,801996,1.2855
combine,without_native,4874106041,155858864,3.1977
cpp_demangle,without_native,74886702148,299756825,0.4003
cssparser,without_native,843514484,195968485,23.2324
curl,without_native,245215544,19566146,7.9792
dashmap,without_native,38853634,3943242,10.1490
deranged,without_native,10124311,183101,1.8085
dlv-list,without_native,520524,8394,1.6126
ego-tree,without_native,872856,31412,3.5988
encoding_rs,without_native,39420574909,691119938,1.7532
filetime,without_native,87096,1173,1.3468
fixedbitset,without_native,325394702,11221096,3.4485
flate2,without_native,17743487229,1079349101,6.0831
fragile,without_native,786132,70144,8.9227
fs4,without_native,18174420,631115,3.4725
getrandom,without_native,25241311,87723,0.3475
gimli,without_native,5246914381,115077438,2.1932
git2,without_native,5192915,159475,3.0710
h2,without_native,75328598809,3913156772,5.1948
hashbrown,without_native,36577383896,5998498575,16.3995
hashlink,without_native,7968001,2446676,30.7063
headers,without_native,2733425,32066,1.1731
http,without_native,22084359751,969425917,4.3896
http-body,without_native,326835,5664,1.7330
httparse,without_native,173361200625,2341499430,1.3506
imgref,without_native,404924563,8771430,2.1662
indexmap,without_native,7897314369,932224071,11.8043
iri-string,without_native,303660033,22172949,7.3019
jni,without_native,35224036266,3497842243,9.9303
jpeg-decoder,without_native,291455484373,2412360481,0.8277
lexical-core,without_native,1819,230,12.6443
libsecp256k1,without_native,3492644575,42870037,1.2274
log,without_native,534140117,7276242,1.3622
loom,without_native,18323400267,236573111,1.2911
matrixmultiply,without_native,61499050701,21499497564,34.9591
memchr,without_native,988921030696,151584922755,15.3283
memmap2,without_native,2831585,4405,0.1556
metrics,without_native,54925711,1390268,2.5312
miette,without_native,41169319652,193921881,0.4710
msgpack-rust,without_native,530283835,7279601,1.3728
native-tls,without_native,666750203,53466072,8.0189
ndarray,without_native,98584353745,21314542405,21.6206
nom,without_native,2226960331,30589954,1.3736
nu-ansi-term,without_native,531820842,7276181,1.3682
num-bigint,without_native,22226934812,298299101,1.3421
ordered-float,without_native,70535324,7438747,10.5461
ordered-multimap,without_native,2175615,218348,10.0362
os_info,without_native,529908084,7276181,1.3731
ouroboros,without_native,534291627,7276241,1.3618
parity-scale-codec,without_native,56376357186,918059944,1.6284
parking_lot,without_native,34980266175,4509406796,12.8913
petgraph,without_native,585567835982,66316346450,11.3251
pin-project-lite,without_native,1829270391,7337821,0.4011
polling,without_native,12015610,511402,4.2561
portable-atomic,without_native,111290850442,196097701,0.1762
postcard,without_native,2841985,54851,1.9300
pulldown-cmark,without_native,91985910,2645457,2.8759
rand,without_native,427563194,4105516,0.9602
rayon-core,without_native,20023796007,1941193965,9.6944
rgb,without_native,251898,4074,1.6173
ring,without_native,54444273066,76983487,0.1414
rmp,without_native,533162864,7390517,1.3862
ron,without_native,109497538,281223,0.2568
rust-openssl,without_native,625433305,101672622,16.2563
rustc-demangle,without_native,411131639,16976789,4.1293
scroll,without_native,100354,1436,1.4309
semver,without_native,319598214,269024,0.0842
serde_with,without_native,1037750994,71808146,6.9196
serde_yaml,without_native,810449719,517723923,63.8811
sharded-slab,without_native,77604542500,5580637434,7.1911
signal-hook,without_native,730844972,135132,0.0185
simdutf8,without_native,283963983,80790176,28.4509
siphasher,without_native,88029747,583615,0.6630
slotmap,without_native,761199528,40967747,5.3820
smallvec,without_native,245421,66814,27.2242
tokio,without_native,26395255752,1600392530,6.0632
triomphe,without_native,567848,37698,6.6387
unicode-normalization,without_native,4120266454,7321083,0.1777
utf8parse,without_native,4549818749,10125825,0.2226
uuid,without_native,1062976612,8327388,0.7834
value-bag,without_native,380914,3834,1.0065
winnow,without_native,414663004,2732437,0.6590
zopfli,without_native,186229842378,16668310216,8.9504
aho-corasick,with_native,76520115664,18102744201,23.6575
arbitrary,with_native,14611464493,2390513166,16.3605
arc-swap,with_native,114716849886,27236218397,23.7421
arrayvec,with_native,2389697394,774785829,32.4219
async-lock,with_native,700900444,105907164,15.1102
async-std,with_native,3975942091,595959549,14.9891
async-task,with_native,358231050,91888945,25.6507
bimap,with_native,2041617,678385,33.2278
borsh-rs,with_native,365027918,81406267,22.3014
brotli-decompressor,with_native,35930032901,4427644744,12.3230
bstr,with_native,9660753197,2355921213,24.3865
bytemuck,with_native,135316,21208,15.6729
byteorder,with_native,462072935,170618528,36.9246
bytes,with_native,49341430,15738268,31.8967
cc-rs,with_native,70055973,19700855,28.1216
chrono,with_native,6936381623,1048311970,15.1132
clru,with_native,63997552,16933031,26.4589
colored,with_native,62733511,9915967,15.8065
combine,with_native,4861020318,466576711,9.5983
cpp_demangle,with_native,74886702148,12928063919,17.2635
cssparser,with_native,843514171,206829481,24.5200
curl,with_native,205766888,55281702,26.8662
dashmap,with_native,39568090,10061405,25.4281
deranged,with_native,10099540,1455971,14.4162
dlv-list,with_native,520524,68330,13.1272
ego-tree,with_native,872856,135597,15.5349
encoding_rs,with_native,39420574909,10725368868,27.2075
filetime,with_native,87096,16348,18.7701
fixedbitset,with_native,325394702,14540520,4.4686
flate2,with_native,17738174966,6753926312,38.0757
fragile,with_native,786132,224225,28.5226
fs4,with_native,18135716,3682123,20.3032
getrandom,with_native,25240539,7652137,30.3169
gimli,with_native,5246838688,727965448,13.8744
git2,with_native,5195133,1271778,24.4802
h2,with_native,75248688442,20554726085,27.3157
hashbrown,with_native,36607478258,12447291688,34.0020
hashlink,with_native,7915883,3456957,43.6711
headers,with_native,2733425,645782,23.6254
http,with_native,17508665950,4141832431,23.6559
http-body,with_native,326835,77280,23.6450
httparse,with_native,173361202154,39906371771,23.0192
imgref,with_native,404924563,96547643,23.8434
indexmap,with_native,7788794967,1776660968,22.8105
iri-string,with_native,303661756,62351444,20.5332
jni,with_native,35224036266,6885126873,19.5467
jpeg-decoder,with_native,291583350729,93092051697,31.9264
lexical-core,with_native,1807,234,12.9496
libsecp256k1,with_native,3492719583,70214288,2.0103
log,with_native,534140117,90513751,16.9457
loom,with_native,18323476462,1973887156,10.7724
matrixmultiply,with_native,59692850740,37700647224,63.1577
memchr,with_native,988831060632,273400576688,27.6489
memmap2,with_native,2831585,374695,13.2327
metrics,with_native,54973495,8074589,14.6881
miette,with_native,41168855966,6207925786,15.0792
msgpack-rust,with_native,530283835,89915592,16.9561
native-tls,with_native,666829845,136382959,20.4524
ndarray,with_native,103125151067,26851990857,26.0383
nom,with_native,2188307199,409375580,18.7074
nu-ansi-term,with_native,531820842,90227868,16.9658
num-bigint,with_native,22226934812,4676111340,21.0380
ordered-float,with_native,70534277,14336779,20.3260
ordered-multimap,with_native,2175193,481770,22.1484
os_info,with_native,529908084,89974547,16.9793
ouroboros,with_native,534291627,90544308,16.9466
parity-scale-codec,with_native,56376691353,14257925173,25.2905
parking_lot,with_native,33047865894,11042649942,33.4141
petgraph,with_native,451242156291,49636333154,10.9999
pin-project-lite,with_native,1822498608,343352633,18.8397
polling,with_native,12015590,1227255,10.2139
portable-atomic,with_native,119014046484,44346582056,37.2616
postcard,with_native,2841985,516214,18.1639
pulldown-cmark,with_native,96225143,15295029,15.8950
rand,with_native,427553746,55648689,13.0156
rayon-core,with_native,18687205879,3994741617,21.3769
rgb,with_native,251898,38149,15.1446
ring,with_native,156444565146,32972693349,21.0763
rmp,with_native,533162195,90826525,17.0354
ron,with_native,109497648,20868529,19.0584
rust-openssl,with_native,625438351,308173997,49.2733
rustc-demangle,with_native,411131639,86503203,21.0403
scroll,with_native,100354,15949,15.8927
semver,with_native,319598214,6387946,1.9987
serde_with,with_native,1037932296,247016757,23.7989
serde_yaml,with_native,810450571,528460075,65.2057
sharded-slab,with_native,76904490075,30333758167,39.4434
signal-hook,with_native,472124694,34697898,7.3493
simdutf8,with_native,283963983,140558799,49.4988
siphasher,with_native,88029747,611228,0.6943
slotmap,with_native,778778073,162765596,20.9001
smallvec,with_native,245421,94414,38.4702
tokio,with_native,26338958985,5901440873,22.4057
triomphe,with_native,567848,98013,17.2604
unicode-normalization,with_native,4120266454,695054016,16.8692
utf8parse,with_native,4549818749,1115679324,24.5214
uuid,with_native,1063060181,199136393,18.7324
value-bag,with_native,380914,43457,11.4086
winnow,with_native,500163421,91315671,18.2572
zopfli,with_native,207442064009,36721694542,17.7021
