crate,variant,repetition,logical_bins,total_instructions,unsafe_instructions,unsafe_instruction_pct
aho-corasick,without_native,rep1,1,76520108300,3693807650,4.8272
aho-corasick,with_native,rep1,1,76520115664,18102744201,23.6575
aho-corasick,without_native,rep2,1,76520109604,3693807873,4.8272
aho-corasick,with_native,rep2,1,76520104191,18102740518,23.6575
arbitrary,without_native,rep1,4,14609572700,218235833,1.4938
arbitrary,with_native,rep1,4,14611464493,2390513166,16.3605
arbitrary,without_native,rep2,4,14611306404,218452861,1.4951
arbitrary,with_native,rep2,4,14611957991,2390516224,16.3600
arc-swap,without_native,rep1,3,112471191891,2557560744,2.2740
arc-swap,with_native,rep1,3,114716849886,27236218397,23.7421
arc-swap,without_native,rep2,3,110243560090,2570926863,2.3320
arc-swap,with_native,rep2,3,114705832282,27242606966,23.7500
arrayvec,without_native,rep1,4,2389697394,122883681,5.1422
arrayvec,with_native,rep1,4,2389697394,774785829,32.4219
arrayvec,without_native,rep2,4,2389697394,122883681,5.1422
arrayvec,with_native,rep2,4,2389697394,774785829,32.4219
async-lock,without_native,rep1,23,697763206,3801669,0.5448
async-lock,with_native,rep1,23,700900444,105907164,15.1102
async-lock,without_native,rep2,23,697838236,3790210,0.5431
async-lock,with_native,rep2,23,700804218,105716290,15.0850
async-std,without_native,rep1,26,4047415769,108792644,2.6880
async-std,with_native,rep1,26,3975942091,595959549,14.9891
async-std,without_native,rep2,26,4015645111,107060714,2.6661
async-std,with_native,rep2,26,3988210564,600300952,15.0519
async-task,without_native,rep1,13,358231040,46197017,12.8959
async-task,with_native,rep1,13,358231050,91888945,25.6507
async-task,without_native,rep2,13,358231046,46197017,12.8959
async-task,with_native,rep2,13,358231042,91888945,25.6507
bimap,without_native,rep1,2,2040844,175016,8.5757
bimap,with_native,rep1,2,2041617,678385,33.2278
bimap,without_native,rep2,2,2042990,175615,8.5960
bimap,with_native,rep2,2,2043891,678771,33.2097
borsh-rs,without_native,rep1,9,364948095,113989,0.0312
borsh-rs,with_native,rep1,9,365027918,81406267,22.3014
borsh-rs,without_native,rep2,9,364972782,114011,0.0312
borsh-rs,with_native,rep2,9,364967191,81392599,22.3013
brotli-decompressor,without_native,rep1,4,35930031137,5997078,0.0167
brotli-decompressor,with_native,rep1,4,35930032901,4427644744,12.3230
brotli-decompressor,without_native,rep2,4,35930031137,5997078,0.0167
brotli-decompressor,with_native,rep2,4,35930033125,4427644744,12.3230
bstr,without_native,rep1,5,9761188546,1100889375,11.2782
bstr,with_native,rep1,5,9660753197,2355921213,24.3865
bstr,without_native,rep2,5,9760642192,1100891774,11.2789
bstr,with_native,rep2,5,9724151338,2387398899,24.5512
bytemuck,without_native,rep1,13,135316,4615,3.4105
bytemuck,with_native,rep1,13,135316,21208,15.6729
bytemuck,without_native,rep2,13,135316,4615,3.4105
bytemuck,with_native,rep2,13,135316,21208,15.6729
byteorder,without_native,rep1,2,460743271,26240397,5.6952
byteorder,with_native,rep1,2,462072935,170618528,36.9246
byteorder,without_native,rep2,2,459932891,26190449,5.6944
byteorder,with_native,rep2,2,461113581,170225335,36.9161
bytes,without_native,rep1,11,47797678,5609961,11.7369
bytes,with_native,rep1,11,49341430,15738268,31.8967
bytes,without_native,rep2,11,47969038,5661301,11.8020
bytes,with_native,rep2,11,49391326,15774799,31.9384
cc-rs,without_native,rep1,20,70063431,2589681,3.6962
cc-rs,with_native,rep1,20,70055973,19700855,28.1216
cc-rs,without_native,rep2,20,70046657,2586933,3.6932
cc-rs,with_native,rep2,20,70060142,19702378,28.1221
chrono,without_native,rep1,5,6936344039,198863209,2.8670
chrono,with_native,rep1,5,6936381623,1048311970,15.1132
chrono,without_native,rep2,5,6936344039,198863209,2.8670
chrono,with_native,rep2,5,6936379031,1048311970,15.1132
clru,without_native,rep1,1,63992964,9400027,14.6892
clru,with_native,rep1,1,63997552,16933031,26.4589
clru,without_native,rep2,1,63996610,9400436,14.6890
clru,with_native,rep2,1,63994800,16932675,26.4595
colored,without_native,rep1,5,62389850,801996,1.2855
colored,with_native,rep1,5,62733511,9915967,15.8065
colored,without_native,rep2,5,62778209,813030,1.2951
colored,with_native,rep2,5,62678734,9917036,15.8220
combine,without_native,rep1,13,4874106041,155858864,3.1977
combine,with_native,rep1,13,4861020318,466576711,9.5983
combine,without_native,rep2,13,4863525808,155670432,3.2008
combine,with_native,rep2,13,4875427663,467949793,9.5981
cpp_demangle,without_native,rep1,6,74886702148,299756825,0.4003
cpp_demangle,with_native,rep1,6,74886702148,12928063919,17.2635
cpp_demangle,without_native,rep2,6,74886702148,299756825,0.4003
cpp_demangle,with_native,rep2,6,74886702148,12928063919,17.2635
cssparser,without_native,rep1,13,843514484,195968485,23.2324
cssparser,with_native,rep1,13,843514171,206829481,24.5200
cssparser,without_native,rep2,13,843508216,195967721,23.2325
cssparser,with_native,rep2,13,843515785,206830049,24.5200
curl,without_native,rep1,35,245215544,19566146,7.9792
curl,with_native,rep1,35,205766888,55281702,26.8662
curl,without_native,rep2,35,246336346,19728073,8.0086
curl,with_native,rep2,35,206855612,55586663,26.8722
dashmap,without_native,rep1,18,38853634,3943242,10.1490
dashmap,with_native,rep1,18,39568090,10061405,25.4281
dashmap,without_native,rep2,18,42122245,3980536,9.4500
dashmap,with_native,rep2,18,40711833,10229741,25.1272
deranged,without_native,rep1,3,10124311,183101,1.8085
deranged,with_native,rep1,3,10099540,1455971,14.4162
deranged,without_native,rep2,3,10076363,182517,1.8113
deranged,with_native,rep2,3,10111495,1456500,14.4044
dlv-list,without_native,rep1,1,520524,8394,1.6126
dlv-list,with_native,rep1,1,520524,68330,13.1272
dlv-list,without_native,rep2,1,520524,8394,1.6126
dlv-list,with_native,rep2,1,520524,68330,13.1272
ego-tree,without_native,rep1,9,872856,31412,3.5988
ego-tree,with_native,rep1,9,872856,135597,15.5349
ego-tree,without_native,rep2,9,872856,31412,3.5988
ego-tree,with_native,rep2,9,872856,135597,15.5349
encoding_rs,without_native,rep1,5,39420574909,691119938,1.7532
encoding_rs,with_native,rep1,5,39420574909,10725368868,27.2075
encoding_rs,without_native,rep2,5,39420574909,691119938,1.7532
encoding_rs,with_native,rep2,5,39420574909,10725368868,27.2075
filetime,without_native,rep1,2,87096,1173,1.3468
filetime,with_native,rep1,2,87096,16348,18.7701
filetime,without_native,rep2,2,87096,1173,1.3468
filetime,with_native,rep2,2,87096,16348,18.7701
fixedbitset,without_native,rep1,2,325394702,11221096,3.4485
fixedbitset,with_native,rep1,2,325394702,14540520,4.4686
fixedbitset,without_native,rep2,2,325394702,11221096,3.4485
fixedbitset,with_native,rep2,2,325394702,14540520,4.4686
flate2,without_native,rep1,6,17743487229,1079349101,6.0831
flate2,with_native,rep1,6,17738174966,6753926312,38.0757
flate2,without_native,rep2,6,17755570134,1079456837,6.0795
flate2,with_native,rep2,6,17739668313,6754001410,38.0729
fragile,without_native,rep1,10,786132,70144,8.9227
fragile,with_native,rep1,10,786132,224225,28.5226
fragile,without_native,rep2,10,786132,70144,8.9227
fragile,with_native,rep2,10,786132,224225,28.5226
fs4,without_native,rep1,1,18174420,631115,3.4725
fs4,with_native,rep1,1,18135716,3682123,20.3032
fs4,without_native,rep2,1,18186302,623882,3.4305
fs4,with_native,rep2,1,18364831,3690267,20.0942
getrandom,without_native,rep1,28,25241311,87723,0.3475
getrandom,with_native,rep1,28,25240539,7652137,30.3169
getrandom,without_native,rep2,28,25240624,87762,0.3477
getrandom,with_native,rep2,28,25238308,7651735,30.3179
gimli,without_native,rep1,8,5246914381,115077438,2.1932
gimli,with_native,rep1,8,5246838688,727965448,13.8744
gimli,without_native,rep2,8,5247025460,115089776,2.1934
gimli,with_native,rep2,8,5246996595,728064595,13.8758
git2,without_native,rep1,11,5192915,159475,3.0710
git2,with_native,rep1,11,5195133,1271778,24.4802
git2,without_native,rep2,11,5193789,159510,3.0712
git2,with_native,rep2,11,5192696,1271006,24.4768
h2,without_native,rep1,1,75328598809,3913156772,5.1948
h2,with_native,rep1,1,75248688442,20554726085,27.3157
h2,without_native,rep2,1,75149552612,3908256714,5.2006
h2,with_native,rep2,1,75361124404,20576074414,27.3033
hashbrown,without_native,rep1,10,36577383896,5998498575,16.3995
hashbrown,with_native,rep1,10,36607478258,12447291688,34.0020
hashbrown,without_native,rep2,10,36622143871,6005130991,16.3975
hashbrown,with_native,rep2,10,36657454212,12459518284,33.9890
hashlink,without_native,rep1,5,7968001,2446676,30.7063
hashlink,with_native,rep1,5,7915883,3456957,43.6711
hashlink,without_native,rep2,5,7970680,2453725,30.7844
hashlink,with_native,rep2,5,7907646,3454132,43.6809
headers,without_native,rep1,6,2733425,32066,1.1731
headers,with_native,rep1,6,2733425,645782,23.6254
headers,without_native,rep2,6,2733425,32066,1.1731
headers,with_native,rep2,6,2733425,645782,23.6254
http,without_native,rep1,9,22084359751,969425917,4.3896
http,with_native,rep1,9,17508665950,4141832431,23.6559
http,without_native,rep2,9,19693047992,865227522,4.3936
http,with_native,rep2,9,19701206207,4625461445,23.4781
http-body,without_native,rep1,7,326835,5664,1.7330
http-body,with_native,rep1,7,326835,77280,23.6450
http-body,without_native,rep2,7,326835,5664,1.7330
http-body,with_native,rep2,7,326835,77280,23.6450
httparse,without_native,rep1,5,173361200625,2341499430,1.3506
httparse,with_native,rep1,5,173361202154,39906371771,23.0192
httparse,without_native,rep2,5,173361201181,2341499430,1.3506
httparse,with_native,rep2,5,173361201181,39906371715,23.0192
imgref,without_native,rep1,1,404924563,8771430,2.1662
imgref,with_native,rep1,1,404924563,96547643,23.8434
imgref,without_native,rep2,1,404924563,8771430,2.1662
imgref,with_native,rep2,1,404924563,96547643,23.8434
indexmap,without_native,rep1,33,7897314369,932224071,11.8043
indexmap,with_native,rep1,33,7788794967,1776660968,22.8105
indexmap,without_native,rep2,33,7623989890,902609222,11.8391
indexmap,with_native,rep2,33,7802312495,1781552299,22.8336
iri-string,without_native,rep1,16,303660033,22172949,7.3019
iri-string,with_native,rep1,16,303661756,62351444,20.5332
iri-string,without_native,rep2,16,303649578,22170548,7.3014
iri-string,with_native,rep2,16,303652299,62346780,20.5323
jni,without_native,rep1,67,35224036266,3497842243,9.9303
jni,with_native,rep1,67,35224036266,6885126873,19.5467
jni,without_native,rep2,67,35224036266,3497842243,9.9303
jni,with_native,rep2,67,35224036425,6885126969,19.5467
jpeg-decoder,without_native,rep1,8,291455484373,2412360481,0.8277
jpeg-decoder,with_native,rep1,8,291583350729,93092051697,31.9264
jpeg-decoder,without_native,rep2,8,291550868861,2412096735,0.8273
jpeg-decoder,with_native,rep2,8,291800422911,93110226486,31.9089
lexical-core,without_native,rep1,5,1819,230,12.6443
lexical-core,with_native,rep1,5,1807,234,12.9496
lexical-core,without_native,rep2,5,1819,230,12.6443
lexical-core,with_native,rep2,5,1807,234,12.9496
libsecp256k1,without_native,rep1,8,3492644575,42870037,1.2274
libsecp256k1,with_native,rep1,8,3492719583,70214288,2.0103
libsecp256k1,without_native,rep2,8,3492618703,42869997,1.2274
libsecp256k1,with_native,rep2,8,3492613015,70214692,2.0104
log,without_native,rep1,5,534140117,7276242,1.3622
log,with_native,rep1,5,534140117,90513751,16.9457
log,without_native,rep2,5,534140117,7276242,1.3622
log,with_native,rep2,5,534140117,90513751,16.9457
loom,without_native,rep1,63,18323400267,236573111,1.2911
loom,with_native,rep1,63,18323476462,1973887156,10.7724
loom,without_native,rep2,63,18323293083,236560137,1.2910
loom,with_native,rep2,63,18323873962,1974016303,10.7729
matrixmultiply,without_native,rep1,2,61499050701,21499497564,34.9591
matrixmultiply,with_native,rep1,2,59692850740,37700647224,63.1577
matrixmultiply,without_native,rep2,2,61712654840,21499498068,34.8381
matrixmultiply,with_native,rep2,2,60178952361,37776619632,62.7738
memchr,without_native,rep1,1,988921030696,151584922755,15.3283
memchr,with_native,rep1,1,988831060632,273400576688,27.6489
memchr,without_native,rep2,1,988928309202,151585072514,15.3282
memchr,with_native,rep2,1,988910274876,273429904290,27.6496
memmap2,without_native,rep1,1,2831585,4405,0.1556
memmap2,with_native,rep1,1,2831585,374695,13.2327
memmap2,without_native,rep2,1,2831585,4405,0.1556
memmap2,with_native,rep2,1,2831585,374695,13.2327
metrics,without_native,rep1,6,54925711,1390268,2.5312
metrics,with_native,rep1,6,54973495,8074589,14.6881
metrics,without_native,rep2,6,54980137,1388115,2.5248
metrics,with_native,rep2,6,54981120,8078132,14.6926
miette,without_native,rep1,26,41169319652,193921881,0.4710
miette,with_native,rep1,26,41168855966,6207925786,15.0792
miette,without_native,rep2,26,41169852546,193981989,0.4712
miette,with_native,rep2,26,41172294417,6209324549,15.0813
msgpack-rust,without_native,rep1,10,530283835,7279601,1.3728
msgpack-rust,with_native,rep1,10,530283835,89915592,16.9561
msgpack-rust,without_native,rep2,10,530283835,7279601,1.3728
msgpack-rust,with_native,rep2,10,530283835,89915592,16.9561
native-tls,without_native,rep1,4,666750203,53466072,8.0189
native-tls,with_native,rep1,4,666829845,136382959,20.4524
native-tls,without_native,rep2,4,666836300,53465589,8.0178
native-tls,with_native,rep2,4,666841010,136386858,20.4527
ndarray,without_native,rep1,36,98584353745,21314542405,21.6206
ndarray,with_native,rep1,36,103125151067,26851990857,26.0383
ndarray,without_native,rep2,36,102196875433,21483844658,21.0220
ndarray,with_native,rep2,36,112094781430,29313301273,26.1505
nom,without_native,rep1,21,2226960331,30589954,1.3736
nom,with_native,rep1,21,2188307199,409375580,18.7074
nom,without_native,rep2,21,2225971165,30785462,1.3830
nom,with_native,rep2,21,2200704206,413027814,18.7680
nu-ansi-term,without_native,rep1,11,531820842,7276181,1.3682
nu-ansi-term,with_native,rep1,11,531820842,90227868,16.9658
nu-ansi-term,without_native,rep2,11,531820842,7276181,1.3682
nu-ansi-term,with_native,rep2,11,531820842,90227868,16.9658
num-bigint,without_native,rep1,10,22226934812,298299101,1.3421
num-bigint,with_native,rep1,10,22226934812,4676111340,21.0380
num-bigint,without_native,rep2,10,22226934812,298299101,1.3421
num-bigint,with_native,rep2,10,22226934812,4676111340,21.0380
ordered-float,without_native,rep1,6,70535324,7438747,10.5461
ordered-float,with_native,rep1,6,70534277,14336779,20.3260
ordered-float,without_native,rep2,6,70567913,7443184,10.5475
ordered-float,with_native,rep2,6,70560676,14348127,20.3345
ordered-multimap,without_native,rep1,1,2175615,218348,10.0362
ordered-multimap,with_native,rep1,1,2175193,481770,22.1484
ordered-multimap,without_native,rep2,1,2176789,218489,10.0372
ordered-multimap,with_native,rep2,1,2175193,481770,22.1484
os_info,without_native,rep1,4,529908084,7276181,1.3731
os_info,with_native,rep1,4,529908084,89974547,16.9793
os_info,without_native,rep2,4,529908084,7276181,1.3731
os_info,with_native,rep2,4,529908084,89974547,16.9793
ouroboros,without_native,rep1,3,534291627,7276241,1.3618
ouroboros,with_native,rep1,3,534291627,90544308,16.9466
ouroboros,without_native,rep2,3,534291627,7276241,1.3618
ouroboros,with_native,rep2,3,534291627,90544308,16.9466
parity-scale-codec,without_native,rep1,16,56376357186,918059944,1.6284
parity-scale-codec,with_native,rep1,16,56376691353,14257925173,25.2905
parity-scale-codec,without_native,rep2,16,56376688402,918060207,1.6284
parity-scale-codec,with_native,rep2,16,56376737530,14257941634,25.2905
parking_lot,without_native,rep1,17,34980266175,4509406796,12.8913
parking_lot,with_native,rep1,17,33047865894,11042649942,33.4141
parking_lot,without_native,rep2,17,35618962726,4580302907,12.8592
parking_lot,with_native,rep2,17,33214158078,11093550616,33.4001
petgraph,without_native,rep1,22,585567835982,66316346450,11.3251
petgraph,with_native,rep1,22,451242156291,49636333154,10.9999
petgraph,without_native,rep2,22,541181035685,53284101583,9.8459
petgraph,with_native,rep2,22,577812397693,85911895121,14.8685
pin-project-lite,without_native,rep1,7,1829270391,7337821,0.4011
pin-project-lite,with_native,rep1,7,1822498608,343352633,18.8397
pin-project-lite,without_native,rep2,7,1822513746,7337646,0.4026
pin-project-lite,with_native,rep2,7,1822483685,343349038,18.8396
polling,without_native,rep1,23,12015610,511402,4.2561
polling,with_native,rep1,23,12015590,1227255,10.2139
polling,without_native,rep2,23,12015596,511402,4.2562
polling,with_native,rep2,23,12015606,1227255,10.2138
portable-atomic,without_native,rep1,1,111290850442,196097701,0.1762
portable-atomic,with_native,rep1,1,119014046484,44346582056,37.2616
portable-atomic,without_native,rep2,1,114083714686,202652813,0.1776
portable-atomic,with_native,rep2,1,94586903872,34039680021,35.9877
postcard,without_native,rep1,5,2841985,54851,1.9300
postcard,with_native,rep1,5,2841985,516214,18.1639
postcard,without_native,rep2,5,2841985,54851,1.9300
postcard,with_native,rep2,5,2841985,516214,18.1639
pulldown-cmark,without_native,rep1,10,91985910,2645457,2.8759
pulldown-cmark,with_native,rep1,10,96225143,15295029,15.8950
pulldown-cmark,without_native,rep2,10,91984773,2645535,2.8761
pulldown-cmark,with_native,rep2,10,96219894,15294261,15.8951
rand,without_native,rep1,14,427563194,4105516,0.9602
rand,with_native,rep1,14,427553746,55648689,13.0156
rand,without_native,rep2,14,427558226,4105974,0.9603
rand,with_native,rep2,14,427550879,55649120,13.0158
rayon-core,without_native,rep1,88,20023796007,1941193965,9.6944
rayon-core,with_native,rep1,88,18687205879,3994741617,21.3769
rayon-core,without_native,rep2,88,19673084849,1934804730,9.8348
rayon-core,with_native,rep2,88,19052729872,4051188179,21.2630
rgb,without_native,rep1,21,251898,4074,1.6173
rgb,with_native,rep1,21,251898,38149,15.1446
rgb,without_native,rep2,21,251898,4074,1.6173
rgb,with_native,rep2,21,251898,38149,15.1446
ring,without_native,rep1,16,54444273066,76983487,0.1414
ring,with_native,rep1,16,156444565146,32972693349,21.0763
ring,without_native,rep2,16,54444272682,76983483,0.1414
ring,with_native,rep2,16,156444549774,32972688741,21.0763
rmp,without_native,rep1,3,533162864,7390517,1.3862
rmp,with_native,rep1,3,533162195,90826525,17.0354
rmp,without_native,rep2,3,533165498,7390517,1.3862
rmp,with_native,rep2,3,533263635,90871421,17.0406
ron,without_native,rep1,70,109497538,281223,0.2568
ron,with_native,rep1,70,109497648,20868529,19.0584
ron,without_native,rep2,70,109498179,281316,0.2569
ron,with_native,rep2,70,109498166,20868536,19.0583
rust-openssl,without_native,rep1,6,625433305,101672622,16.2563
rust-openssl,with_native,rep1,6,625438351,308173997,49.2733
rust-openssl,without_native,rep2,6,625441200,101674879,16.2565
rust-openssl,with_native,rep2,6,625432382,308171801,49.2734
rustc-demangle,without_native,rep1,3,411131639,16976789,4.1293
rustc-demangle,with_native,rep1,3,411131639,86503203,21.0403
rustc-demangle,without_native,rep2,3,411131639,16976789,4.1293
rustc-demangle,with_native,rep2,3,411131639,86503203,21.0403
scroll,without_native,rep1,5,100354,1436,1.4309
scroll,with_native,rep1,5,100354,15949,15.8927
scroll,without_native,rep2,5,100354,1436,1.4309
scroll,with_native,rep2,5,100354,15949,15.8927
semver,without_native,rep1,5,319598214,269024,0.0842
semver,with_native,rep1,5,319598214,6387946,1.9987
semver,without_native,rep2,5,319598214,269024,0.0842
semver,with_native,rep2,5,319598214,6387946,1.9987
serde_with,without_native,rep1,19,1037750994,71808146,6.9196
serde_with,with_native,rep1,19,1037932296,247016757,23.7989
serde_with,without_native,rep2,19,1037764181,71810460,6.9197
serde_with,with_native,rep2,19,1037755454,246989401,23.8003
serde_yaml,without_native,rep1,10,810449719,517723923,63.8811
serde_yaml,with_native,rep1,10,810450571,528460075,65.2057
serde_yaml,without_native,rep2,10,810448431,517723657,63.8811
serde_yaml,with_native,rep2,10,810449100,528459449,65.2058
sharded-slab,without_native,rep1,4,77604542500,5580637434,7.1911
sharded-slab,with_native,rep1,4,76904490075,30333758167,39.4434
sharded-slab,without_native,rep2,4,78873462504,5677743273,7.1985
sharded-slab,with_native,rep2,4,77727207255,30665221853,39.4524
signal-hook,without_native,rep1,4,730844972,135132,0.0185
signal-hook,with_native,rep1,4,472124694,34697898,7.3493
signal-hook,without_native,rep2,4,735475412,130536,0.0177
signal-hook,with_native,rep2,4,477755462,35088340,7.3444
simdutf8,without_native,rep1,2,283963983,80790176,28.4509
simdutf8,with_native,rep1,2,283963983,140558799,49.4988
simdutf8,without_native,rep2,2,283963983,80790176,28.4509
simdutf8,with_native,rep2,2,283963983,140558799,49.4988
siphasher,without_native,rep1,13,88029747,583615,0.6630
siphasher,with_native,rep1,13,88029747,611228,0.6943
siphasher,without_native,rep2,13,88029747,583615,0.6630
siphasher,with_native,rep2,13,88029747,611228,0.6943
slotmap,without_native,rep1,6,761199528,40967747,5.3820
slotmap,with_native,rep1,6,778778073,162765596,20.9001
slotmap,without_native,rep2,6,784414578,42871351,5.4654
slotmap,with_native,rep2,6,755441386,158763888,21.0160
smallvec,without_native,rep1,2,245421,66814,27.2242
smallvec,with_native,rep1,2,245421,94414,38.4702
smallvec,without_native,rep2,2,245421,66814,27.2242
smallvec,with_native,rep2,2,245421,94414,38.4702
tokio,without_native,rep1,151,26395255752,1600392530,6.0632
tokio,with_native,rep1,151,26338958985,5901440873,22.4057
tokio,without_native,rep2,151,26398909567,1601420338,6.0662
tokio,with_native,rep2,151,26343471572,5904309158,22.4128
triomphe,without_native,rep1,4,567848,37698,6.6387
triomphe,with_native,rep1,4,567848,98013,17.2604
triomphe,without_native,rep2,4,567848,37698,6.6387
triomphe,with_native,rep2,4,567848,98013,17.2604
unicode-normalization,without_native,rep1,5,4120266454,7321083,0.1777
unicode-normalization,with_native,rep1,5,4120266454,695054016,16.8692
unicode-normalization,without_native,rep2,5,4120266454,7321083,0.1777
unicode-normalization,with_native,rep2,5,4120266454,695054016,16.8692
utf8parse,without_native,rep1,1,4549818749,10125825,0.2226
utf8parse,with_native,rep1,1,4549818749,1115679324,24.5214
utf8parse,without_native,rep2,1,4549818749,10125825,0.2226
utf8parse,with_native,rep2,1,4549818749,1115679324,24.5214
uuid,without_native,rep1,3,1062976612,8327388,0.7834
uuid,with_native,rep1,3,1063060181,199136393,18.7324
uuid,without_native,rep2,3,1063026236,8327778,0.7834
uuid,with_native,rep2,3,1063026411,199124936,18.7319
value-bag,without_native,rep1,1,380914,3834,1.0065
value-bag,with_native,rep1,1,380914,43457,11.4086
value-bag,without_native,rep2,1,380914,3834,1.0065
value-bag,with_native,rep2,1,380914,43457,11.4086
winnow,without_native,rep1,14,414663004,2732437,0.6590
winnow,with_native,rep1,14,500163421,91315671,18.2572
winnow,without_native,rep2,14,423236230,2808611,0.6636
winnow,with_native,rep2,14,497491452,90676430,18.2267
zopfli,without_native,rep1,4,186229842378,16668310216,8.9504
zopfli,with_native,rep1,4,207442064009,36721694542,17.7021
zopfli,without_native,rep2,4,211429404252,22560602344,10.6705
zopfli,with_native,rep2,4,180252705580,33325163992,18.4880
