crate,variant,total_heap_usage,total_heap_allocations,total_heap_reallocations,total_heap_deallocations,unsafe_heap_memory,unsafe_heap_objects,unsafe_load,unsafe_store,unsafe_heap_memory_pct,obj_small_pct,obj_medium_pct,obj_large_pct,obj_total_pct,mem_small_pct,mem_medium_pct,mem_large_pct,mem_total_pct,mem_inst_pct
aho-corasick,without_native,3240677938,24282265,1212080,24280113,471115852,3415696,12281468,980,14.5376,13.8328,0.1160,50.0000,13.3979,13.8328,0.0911,50.0000,12.3052,0.8609
arbitrary,without_native,135475277,2033218,1513,2033218,4640,10,126,343,0.0034,0.0005,0.0000,0.0000,0.0005,0.0005,0.0000,0.0000,0.0005,0.0006
arc-swap,without_native,89382402,81587,4146,81518,5704,47,560393,0,0.0064,0.0560,0.0000,0.0000,0.0548,0.0560,0.0000,0.0000,0.0175,0.4938
arrayvec,without_native,1665331,4787,3077,3447,116,1,2,2,0.0070,0.0137,0.0000,0.0000,0.0127,0.0137,0.0000,0.0000,0.0081,0.0000
async-lock,without_native,2258013,25614,798,25614,306376,5471,10334,10334,13.5684,20.9384,0.0000,0.0000,20.7141,20.9384,0.0000,0.0000,19.1891,1.7919
async-std,without_native,38059596,117130,2205,102951,15981520,83083,990382,725833,41.9908,70.8984,0.0000,0.0000,69.6217,70.8984,0.0000,0.0000,55.5408,4.4954
async-task,without_native,7145896,10437,702,10376,71664,109,1245436,1245310,1.0029,0.9745,1.0025,0.0000,0.9785,0.9745,0.8034,0.0000,0.8794,12.4732
bimap,without_native,261840,2277,190,2274,15792,71,442,786,6.0312,2.7629,9.5238,0.0000,2.8780,2.7629,5.7971,0.0000,3.2054,1.8644
borsh-rs,without_native,16571534,196483,5283,196314,8816,34,236,236,0.0532,0.0169,0.0000,0.0000,0.0169,0.0169,0.0000,0.0000,0.0152,1.1588
brotli-decompressor,without_native,333413276,8115,746,8097,0,0,0,0,0.0000,0.0000,0.0000,0.0000,0.0000,0.0000,0.0000,0.0000,0.0000,0.0000
bstr,without_native,49959771,134025,92055,129835,24333527,47264,54300599,8,48.7062,20.2844,62.5940,0.0000,20.9059,20.2844,33.5685,0.0000,21.0461,11.0648
bytemuck,without_native,1355366,8084,548,8048,0,0,0,0,0.0000,0.0000,0.0000,0.0000,0.0000,0.0000,0.0000,0.0000,0.0000,0.0000
byteorder,without_native,5848087,115968,52801,115950,0,0,0,0,0.0000,0.0000,0.0000,0.0000,0.0000,0.0000,0.0000,0.0000,0.0000,0.0000
bytes,without_native,3895611,49406,969,49352,183400,5198,19897,0,4.7079,10.3684,0.0000,0.0000,10.3186,10.3684,0.0000,0.0000,9.5290,1.0909
cc-rs,without_native,12847110,73830,25023,73542,266588,668,45442,13394,2.0751,0.6084,4.4977,0.0000,0.6758,0.6084,1.1421,0.0000,0.7004,5.9469
chrono,without_native,36517776,1004920,790561,1004882,65536,16,5373952,5373952,0.1795,0.0000,2.1592,0.0000,0.0009,0.0000,1.4713,0.0000,0.0053,12.4984
clru,without_native,475281,1512,235,1494,33036,170,42880,63876,6.9508,9.7677,8.8235,0.0000,9.7310,9.7677,3.1674,0.0000,6.8552,2.8999
colored,without_native,2118448,7192,1684,6707,22888,42,443,462,1.0804,0.4545,1.0169,0.0000,0.4732,0.4545,0.1773,0.0000,0.3419,0.3344
combine,without_native,63617964,552160,134505,551563,1245694,3628,1690683,1719132,1.9581,0.5200,0.9712,0.0000,0.5284,0.5200,1.3793,0.0000,0.6096,4.9341
cpp_demangle,without_native,632283490,1630613,1212183,1630503,65536,16,8060928,8060928,0.0104,0.0000,0.0081,0.0000,0.0006,0.0000,0.0117,0.0000,0.0028,12.4984
cssparser,without_native,8181127,41454,2257,41454,2123184,43,1663,2099937,25.9522,0.0828,2.7273,9.0909,0.0984,0.0828,2.0277,21.6216,5.2315,2.6551
curl,without_native,6706427,23537,2062,23432,42812,224,73909,10044,0.6384,0.8901,0.1852,0.0000,0.8750,0.8901,0.0442,0.0000,0.6072,1.1872
dashmap,without_native,3182479,16432,736,16040,1497488,3092,49930,6871,47.0541,17.9240,21.7617,0.0000,18.0103,17.9240,45.8217,0.0000,23.6226,4.1199
deranged,without_native,402913,7664,376,7664,76,2,12,15,0.0189,0.0250,0.0000,0.0000,0.0249,0.0250,0.0000,0.0000,0.0235,0.0516
dlv-list,without_native,500702,1724,394,1706,1676,11,34,28,0.3347,0.5337,0.0000,0.0000,0.5194,0.5337,0.0000,0.0000,0.3205,1.9219
ego-tree,without_native,1450309,6479,742,6425,16608,85,36,203,1.1451,1.2138,0.0000,0.0000,1.1771,1.2138,0.0000,0.0000,0.7931,3.6494
encoding_rs,without_native,32265639,173473,67079,173473,27790180,113163,6791502,900297,86.1293,47.0544,26.8116,66.6667,47.0431,47.0544,36.8247,66.6667,47.0330,5.1997
filetime,without_native,153671,1385,129,1385,0,0,0,0,0.0000,0.0000,0.0000,0.0000,0.0000,0.0000,0.0000,0.0000,0.0000,0.0000
fixedbitset,without_native,1343189,5479,2508,5461,132576,143,479228,0,9.8702,1.7429,7.2464,0.0000,1.7904,1.7429,13.5458,0.0000,3.6290,8.2229
flate2,without_native,311219732,10319,3655,10299,216533160,2243,8072988,8111240,69.5757,9.8417,28.9421,83.2073,16.0512,9.8417,44.4106,74.6603,68.3234,3.9386
fragile,without_native,1022260,6847,520,6828,4436,47,134,158,0.4339,0.6529,0.0000,0.0000,0.6380,0.6529,0.0000,0.0000,0.5085,1.1267
fs4,without_native,2125036,4481,857,3727,152472,524,4777,1266,7.1750,10.1303,1.5385,0.0000,9.8164,10.1303,0.6776,0.0000,6.5761,2.7684
getrandom,without_native,1966246,18993,737,18993,0,0,0,0,0.0000,0.0000,0.0000,0.0000,0.0000,0.0000,0.0000,0.0000,0.0000,0.0000
gimli,without_native,86798516,356667,78507,356649,13679056,6032,491969,509839,15.7596,1.0771,26.1744,10.1010,1.3861,1.0771,12.3813,31.6327,6.4993,2.2483
git2,without_native,1982078,23252,2230,23222,1064,24,58,16,0.0537,0.0949,0.0000,0.0000,0.0942,0.0949,0.0000,0.0000,0.0820,0.1272
h2,without_native,3380687024,7143085,279161,7143082,42223632,758529,2647963,0,1.2490,10.3199,1.6576,45.0450,10.2197,10.3199,0.4191,25.5754,6.9952,0.1888
hashbrown,without_native,102987842,144573,865,144555,832772,368,447535,795973,0.8086,0.2142,21.8750,8.3333,0.2530,0.2142,30.1038,0.4464,0.8492,0.0594
hashlink,without_native,462707,4440,277,4440,31912,766,24930,28323,6.8968,16.4973,3.2609,0.0000,16.2391,16.4973,1.2821,0.0000,14.4922,5.6925
headers,without_native,747494,5514,659,5514,87528,240,702,0,11.7095,3.9604,0.0000,0.0000,3.8879,3.9604,0.0000,0.0000,3.3529,6.1337
http,without_native,270549619,1417444,22814,1417403,151860968,918788,8505708,33672,56.1305,63.3277,92.7052,0.0000,63.7933,63.3277,70.0359,0.0000,56.0929,2.2900
http-body,without_native,1591861,4600,312,4600,8048,19,182,0,0.5056,0.3746,0.9434,0.0000,0.3868,0.3746,0.3676,0.0000,0.2934,8.9041
httparse,without_native,766485902,34102005,65967479,34101987,0,0,0,0,0.0000,0.0000,0.0000,0.0000,0.0000,0.0000,0.0000,0.0000,0.0000,0.0000
imgref,without_native,3871278,1290,993,1290,784,7,27,37,0.0203,0.3928,0.0000,0.0000,0.3066,0.3928,0.0000,0.0000,0.0635,0.0020
indexmap,without_native,77960510,240787,129503,240751,26040036,39664,3425080,4829508,33.4016,8.1828,44.9523,0.0000,10.7116,8.1828,39.6730,0.0000,16.2165,2.3799
iri-string,without_native,6764115,20122,7451,20122,95560,1095,223605,196608,1.4127,4.1467,1.0309,0.0000,3.9713,4.1467,0.9867,0.0000,3.2867,4.9805
jni,without_native,49377053,2398798,1571405,2398046,21508,649,511035,3,0.0436,0.0164,0.0000,0.0000,0.0163,0.0164,0.0000,0.0000,0.0163,0.0656
jpeg-decoder,without_native,6659056779,102004,2664,76781,641192,7302,53511,22654,0.0096,9.8622,0.0396,0.0000,6.9763,9.8622,0.0110,0.0000,0.1423,0.0097
lexical-core,without_native,293438,2907,123,2907,0,0,0,0,0.0000,0.0000,0.0000,0.0000,0.0000,0.0000,0.0000,0.0000,0.0000,0.0000
libsecp256k1,without_native,44593959,8238,2115,8238,620,2,14,14,0.0014,0.0196,0.0000,0.0000,0.0193,0.0196,0.0000,0.0000,0.0019,0.0001
log,without_native,5762107,3947,175,3947,65536,16,196608,196608,1.1374,0.0000,1.1494,0.0000,0.3882,0.0000,1.1323,0.0000,0.8565,12.4972
loom,without_native,246588394,842909,11523,841144,12334201,94995,2921975,441043,5.0019,11.1130,15.0933,1.3793,11.1179,11.1130,4.0436,1.4414,7.7733,3.4513
matrixmultiply,without_native,1081284008,23984,323,23953,149045692,8906,337012380,1045008,13.7841,24.1686,51.3437,21.4458,36.6397,24.1686,50.2182,10.6437,21.5463,4.7691
memchr,without_native,10594084256,275901901,757103,275901901,2460343329,90452030,416097574,0,23.2237,32.6951,5.1719,0.0000,32.6944,32.6951,0.3622,0.0000,32.6317,0.8754
memmap2,without_native,135505,961,178,961,0,0,0,0,0.0000,0.0000,0.0000,0.0000,0.0000,0.0000,0.0000,0.0000,0.0000,0.0000
metrics,without_native,1930402,14705,1755,14689,109604,350,4436,1506,5.6778,2.1292,1.9455,0.0000,2.1264,2.1292,2.8729,0.0000,2.2360,2.1745
miette,without_native,136827336,911492,29576,903705,9713088,6982,208907,151432,7.0988,0.5033,13.5953,0.0000,0.7419,0.5033,9.0034,0.0000,2.0392,0.5199
msgpack-rust,without_native,6765400,8829,657,8793,65832,18,196616,196616,0.9731,0.0252,1.0417,0.0000,0.1898,0.0252,0.8644,0.0000,0.5143,12.4928
native-tls,without_native,6405489,6121,1552,6065,69964,76,1442054,1441806,1.0923,0.9569,1.1420,0.0000,0.9905,0.9569,1.0565,0.0000,0.9449,12.4802
ndarray,without_native,610333044,61944,16165,61674,493964768,16217,42509918,22666384,80.9336,13.6222,63.7747,82.1782,20.7620,13.6222,87.8585,72.4472,76.3724,0.7198
nom,without_native,43877988,99968,21824,99967,7456,26,222,132,0.0170,0.0214,0.0209,0.0000,0.0213,0.0214,0.0047,0.0000,0.0125,0.0032
nu-ansi-term,without_native,6319983,9042,926,9042,65536,16,196608,196608,1.0370,0.0000,1.0907,0.0000,0.1605,0.0000,1.0233,0.0000,0.5369,12.4973
num-bigint,without_native,188067342,7796363,143591,7796271,65536,16,8060928,8060928,0.0348,0.0000,0.3571,0.0000,0.0002,0.0000,0.2863,0.0000,0.0012,12.4984
ordered-float,without_native,1265273,4321,463,4285,294944,2,40000,60000,23.3107,0.0000,0.0000,100.0000,0.0418,0.0000,0.0000,100.0000,9.6909,3.4302
ordered-multimap,without_native,578627,2056,484,2038,26592,102,411,390,4.5957,4.1030,0.0000,0.0000,4.0157,4.1030,0.0000,0.0000,2.6653,1.0480
os_info,without_native,5877184,5127,505,5127,65536,16,196608,196608,1.1151,0.0000,1.1519,0.0000,0.2841,0.0000,1.1027,0.0000,0.7414,12.4973
ouroboros,without_native,5648170,3083,74,3083,65536,16,196608,196608,1.1603,0.0000,1.1730,0.0000,0.5068,0.0000,1.1615,0.0000,0.9545,12.4972
parity-scale-codec,without_native,612049853,3154668,14550,3154544,143104,356,337416,336496,0.0234,0.0103,1.4053,0.0000,0.0112,0.0103,0.7507,0.0000,0.0024,0.1683
parking_lot,without_native,48655493,13535,1460,13370,120320,30,50204192,20207894,0.2473,0.1522,1.6985,0.0000,0.2001,0.1522,1.2256,0.0000,0.1338,4.1175
petgraph,without_native,13943372,93022,6372,92148,875044,1831,126164,119994,6.2757,1.7755,7.2131,0.0000,1.8422,1.7755,7.1222,0.0000,2.3888,1.5339
pin-project-lite,without_native,22410368,254817,11974,254772,71216,28,196776,196776,0.3178,0.0045,1.4572,0.0000,0.0105,0.0045,1.0760,0.0000,0.0384,12.4192
polling,without_native,1879814,14087,657,14080,3012,6,110,2,0.1602,0.0346,0.3559,0.0000,0.0407,0.0346,0.1071,0.0000,0.0463,0.0638
portable-atomic,without_native,538965664,3495055,3678,3495055,209,14,0,14,0.0000,0.0004,0.0000,0.0000,0.0004,0.0004,0.0000,0.0000,0.0003,0.0000
postcard,without_native,390816,3357,226,3357,223,26,106,0,0.0571,0.7399,0.0000,0.0000,0.7256,0.7399,0.0000,0.0000,0.6279,0.4359
pulldown-cmark,without_native,26337868,41802,9697,41802,138780,249,4472,919,0.5269,0.5028,0.1688,0.0000,0.4835,0.5028,0.2344,0.0000,0.3476,0.6363
rand,without_native,2787464,49849,788,49831,12912,19,2922,4383,0.4632,0.0317,1.4286,0.0000,0.0375,0.0317,0.9945,0.0000,0.0809,0.4885
rayon-core,without_native,58255336,113442,6998,95991,19576288,18070,5706461,10469090,33.6043,8.0830,53.7712,0.0000,15.0125,8.0830,27.4902,0.0000,18.0877,2.4719
rgb,without_native,1564003,13281,826,13281,68,1,2,2,0.0043,0.0072,0.0000,0.0000,0.0071,0.0072,0.0000,0.0000,0.0062,0.3192
ring,without_native,103231892,1189149,10499,1189131,38960,244,264,0,0.0377,0.0204,0.0000,0.0000,0.0203,0.0204,0.0000,0.0000,0.0182,0.0036
rmp,without_native,6487098,5975,954,5954,65536,16,196608,196608,1.0103,0.0000,1.1396,0.0000,0.2309,0.0000,0.9741,0.0000,0.5808,12.3373
ron,without_native,6006982,50561,4930,50537,19140,125,487,532,0.3186,0.2273,0.1064,0.0000,0.2253,0.2273,0.0324,0.0000,0.1979,1.5562
rust-openssl,without_native,2792519,10505,2459,10447,16816,187,505,209,0.6022,1.4737,0.0000,0.0000,1.4425,1.4737,0.0000,0.0000,0.9462,0.0021
rustc-demangle,without_native,5243314,3129,584,3129,65536,16,458752,458752,1.2499,0.0000,2.2923,0.0000,0.4309,0.0000,1.7316,0.0000,0.6708,12.4980
scroll,without_native,677118,3707,368,3689,0,0,0,0,0.0000,0.0000,0.0000,0.0000,0.0000,0.0000,0.0000,0.0000,0.0000,0.0000
semver,without_native,17261955,4016,302,4016,11271645,449,3248,441,65.2976,10.5350,0.0000,66.6667,10.3983,10.5350,0.0000,66.6667,60.0360,3.6905
serde_with,without_native,53946454,533043,17585,147859,7275432,70184,870006,164949,13.4864,12.7639,8.7567,8.3333,12.7462,12.7639,10.2458,14.8148,12.6726,4.0957
serde_yaml,without_native,34139746,42266,1118,42266,31299983,28056,64898967,636994,91.6819,63.9523,82.1101,0.0000,64.6690,63.9523,93.8053,0.0000,79.5224,27.1733
sharded-slab,without_native,1307316111,1281136,27989,1281113,3301144,4470,145418,133478,0.2525,0.2856,5.0074,0.2024,0.3414,0.2856,0.7076,0.0164,0.1750,0.0139
signal-hook,without_native,345372,2083,110,2068,14848,46,693,81,4.2991,2.0570,3.7037,0.0000,2.0976,2.0570,1.8750,0.0000,2.0237,2.4877
simdutf8,without_native,5359542,2846,1438,2846,4442584,626,2081,0,82.8911,8.8414,38.8821,0.0000,14.6125,8.8414,54.6475,0.0000,46.1674,0.0070
siphasher,without_native,1993625,8141,496,8141,80,4,132,0,0.0040,0.0472,0.0000,0.0000,0.0463,0.0472,0.0000,0.0000,0.0352,0.0242
slotmap,without_native,5305877,31791,16320,31788,1453864,5859,127920,146089,27.4010,12.1793,10.8434,66.6667,12.1781,12.1793,24.0949,75.0000,14.5911,1.8145
smallvec,without_native,497565,2032,311,2014,846,38,31,83,0.1700,1.6667,0.0000,0.0000,1.6219,1.6667,0.0000,0.0000,1.0556,0.4937
tokio,without_native,1752270628,8982338,687654,8973708,338952580,1241789,16435092,5637316,19.3436,13.4859,0.0781,0.0000,12.8417,13.4859,0.2261,0.0000,11.3074,3.8272
triomphe,without_native,623385,3155,343,3137,2184,65,6,362,0.3503,1.9112,0.0000,0.0000,1.8582,1.9112,0.0000,0.0000,1.3182,2.8944
unicode-normalization,without_native,11361370,733820,181217,733820,0,0,0,0,0.0000,0.0000,0.0000,0.0000,0.0000,0.0000,0.0000,0.0000,0.0000,0.0000
utf8parse,without_native,37267354,539277,714265,539277,0,0,0,0,0.0000,0.0000,0.0000,0.0000,0.0000,0.0000,0.0000,0.0000,0.0000,0.0000
uuid,without_native,16655816,112648,10225,112602,125248,217,199689,198292,0.7520,0.1576,1.5385,0.0000,0.1766,0.1576,1.1859,0.0000,0.2657,11.3438
value-bag,without_native,240288,1544,308,1544,0,0,0,0,0.0000,0.0000,0.0000,0.0000,0.0000,0.0000,0.0000,0.0000,0.0000,0.0000
winnow,without_native,14435292,116372,138451,116352,63486,93,2276,462,0.4398,0.0320,0.6342,0.0000,0.0365,0.0320,0.3032,0.0000,0.0562,3.5552
zopfli,without_native,5277346170,1274656,383749,1274655,3652789692,533889,254108301,291550373,69.2164,30.1509,42.1108,27.4381,32.1929,30.1509,64.1904,45.2824,52.7065,8.1464
aho-corasick,with_native,3240519142,24281920,1211773,24280070,2278118808,11562984,176596574,21645709,70.3010,43.7417,94.6623,50.0000,45.3563,43.7417,74.8425,50.0000,47.2012,2.5625
arbitrary,with_native,135475277,2033218,1513,2033218,135158352,2030285,7055075,1934096,99.7661,99.7847,0.0000,0.0000,99.7815,99.7847,0.0000,0.0000,99.7609,0.8922
arc-swap,with_native,88435206,80648,4133,80578,85077620,4743,2966127,61474,96.2033,4.4572,52.7931,100.0000,5.5944,4.4572,96.2534,100.0000,68.2374,0.3329
arrayvec,with_native,1626375,4683,3000,3437,188,2,14,2,0.0116,0.0282,0.0000,0.0000,0.0260,0.0282,0.0000,0.0000,0.0164,0.0000
async-lock,with_native,2287725,25972,795,25972,420744,7437,1649363,561998,18.3914,28.0822,0.0000,0.0000,27.7842,28.0822,0.0000,0.0000,25.7434,5.0590
async-std,with_native,37758791,115384,2153,101247,31947528,89789,19055786,3251000,84.6095,76.4647,72.6027,16.6667,76.3921,76.4647,69.9855,14.2857,74.0549,8.6208
async-task,with_native,7145984,10437,702,10376,100824,330,1247021,1245693,1.4109,3.2904,1.0025,0.0000,2.9626,3.2904,0.8034,0.0000,1.9077,6.3893
bimap,with_native,261840,2277,190,2274,40544,549,6127,2658,15.4843,22.4742,9.5238,0.0000,22.2537,22.4742,5.7971,0.0000,20.0423,3.3079
borsh-rs,with_native,16572190,196485,5283,196314,5529111,66955,469635,267583,33.3638,33.2650,14.0230,64.2857,33.1842,33.2650,15.3451,42.8571,32.4403,2.0690
brotli-decompressor,with_native,333413194,8114,746,8096,14791416,2059,2144,7387200,4.4364,10.2911,68.4980,0.0000,23.2393,10.2911,57.2290,0.0000,12.9478,0.3537
bstr,with_native,49304427,132783,90849,129611,42709322,97528,81679132,19960180,86.6237,43.1800,73.3063,0.0000,43.6109,43.1800,41.2001,0.0000,42.5553,9.2503
bytemuck,with_native,1374870,8088,548,8052,0,0,0,0,0.0000,0.0000,0.0000,0.0000,0.0000,0.0000,0.0000,0.0000,0.0000,0.0000
byteorder,with_native,5832290,115920,52912,115902,1096882,41813,178545,22545,18.8071,24.7803,0.0000,0.0000,24.7660,24.7803,0.0000,0.0000,24.1362,0.2857
bytes,with_native,3910491,50479,967,50425,959202,23407,60742,8210,24.5289,45.7114,0.0000,0.0000,45.4982,45.7114,0.0000,0.0000,42.1368,1.2038
cc-rs,with_native,12846299,73809,25009,73521,899131,9440,102821,51163,6.9991,9.6420,4.4977,0.0000,9.5529,9.6420,1.1421,0.0000,8.1768,1.9574
chrono,with_native,36508772,1004921,790562,1004883,13835013,583017,6926727,5894182,37.8950,32.4808,9.4595,0.0000,32.4713,32.4808,6.4605,0.0000,32.3800,2.3899
clru,with_native,475281,1512,235,1494,37142,232,43008,64449,7.8147,13.4604,8.8235,0.0000,13.2799,13.4604,3.1674,0.0000,8.9185,1.6844
colored,with_native,2122541,7196,1684,6711,191226,1039,140623,43148,9.0093,11.6379,13.5593,0.0000,11.7005,11.6379,4.5508,0.0000,8.7582,4.8071
combine,with_native,64355363,552074,134666,551476,30243161,405988,3504836,4397664,46.9940,59.9445,15.6003,0.0000,59.1182,59.9445,39.8751,0.0000,54.5467,3.8023
cpp_demangle,with_native,632285166,1630615,1212187,1630504,166708442,539196,10399374,9354122,26.3660,18.5315,24.8092,0.0000,18.9671,18.5315,30.8563,0.0000,21.4517,0.3467
cssparser,with_native,8190807,41455,2257,41455,2657756,3745,46603,2104549,32.4480,8.5787,6.3348,9.0909,8.5674,8.5787,3.0688,21.6216,11.3824,2.5723
curl,with_native,6691723,23530,2061,23425,2694416,1163,129978,289133,40.2649,4.4600,7.9630,50.0000,4.5446,4.4600,1.9069,71.4286,13.6772,1.7587
dashmap,with_native,3183967,16452,736,16060,1647400,3891,173892,36377,51.7405,22.4616,30.3109,0.0000,22.6379,22.4616,50.4178,0.0000,28.1667,5.4962
deranged,with_native,402913,7664,376,7664,61404,2492,9861,93,15.2400,31.1890,0.0000,0.0000,30.9950,31.1890,0.0000,0.0000,29.3073,1.7025
dlv-list,with_native,510382,1725,394,1707,2360,42,49,96,0.4624,2.0378,0.0000,0.0000,1.9821,2.0378,0.0000,0.0000,1.2153,0.5512
ego-tree,with_native,1450309,6479,742,6425,18776,123,100,414,1.2946,1.7564,0.0000,0.0000,1.7034,1.7564,0.0000,0.0000,1.1477,1.0706
encoding_rs,with_native,32266991,173477,67081,173477,30678030,158256,6791517,6750704,95.0756,65.8094,26.8116,66.6667,65.7870,65.8094,36.8247,66.6667,65.4906,0.2313
filetime,with_native,163351,1386,129,1386,826,27,0,27,0.5057,1.8182,0.0000,0.0000,1.7822,1.8182,0.0000,0.0000,1.5625,0.3887
fixedbitset,with_native,1343189,5479,2508,5461,929584,5329,479242,57751,69.2072,67.2392,7.2464,0.0000,66.7209,67.2392,13.5458,0.0000,58.6587,7.3281
flate2,with_native,311276091,10327,3616,10307,231398850,3239,26961658,106327558,74.3388,14.6835,51.5469,83.2073,23.2303,14.6835,62.2141,74.6603,71.5164,4.4036
fragile,with_native,1022260,6847,520,6828,11139,168,633,272,1.0896,2.3337,0.0000,0.0000,2.2804,2.3337,0.0000,0.0000,1.8178,1.0582
fs4,with_native,2124932,4480,855,3727,1031752,1413,28274,3857,48.5546,25.8949,42.0513,0.0000,26.4855,25.8949,36.6893,0.0000,29.9551,2.1634
getrandom,with_native,1956566,18992,737,18992,280590,2601,710,261704,14.3409,13.3807,0.3356,0.0000,13.1836,13.3807,7.6831,0.0000,12.7314,5.9680
gimli,with_native,86805144,356671,78507,356653,48249958,192137,1776151,1636259,55.5842,44.1235,46.4863,39.3939,44.1514,44.1235,40.4651,58.6735,45.5423,1.1189
git2,with_native,1982027,23250,2230,23220,40976,2579,794,2880,2.0674,10.1954,0.5208,0.0000,10.1217,10.1954,0.2125,0.0000,8.8309,0.6983
h2,with_native,3379233726,7134794,278799,7134791,435478667,1481579,15962393,9276958,12.8869,19.9434,23.4098,45.0450,19.9846,19.9434,2.0179,25.5754,13.6396,0.2890
hashbrown,with_native,102987842,144573,865,144555,1459946,5561,473190,928208,1.4176,3.7907,22.2656,8.3333,3.8236,3.7907,34.5329,0.4464,3.1352,0.0309
hashlink,with_native,462707,4440,277,4440,32448,784,25057,28411,7.0126,16.8865,3.2609,0.0000,16.6207,16.8865,1.2821,0.0000,14.8301,4.0815
headers,with_native,747494,5514,659,5514,92592,413,1180,1904,12.3870,6.8152,0.0000,0.0000,6.6904,6.8152,0.0000,0.0000,5.7698,0.9835
http,with_native,335317251,1737283,26104,1737242,208225812,1701062,17449663,1002407,62.0982,96.5250,93.2429,0.0000,96.4656,96.5250,73.6311,0.0000,80.9560,0.8920
http-body,with_native,1582181,4599,312,4599,8592,33,197,208,0.5430,0.6660,0.9524,0.0000,0.6720,0.6660,0.3788,0.0000,0.4907,1.0963
httparse,with_native,766485902,34102005,65967479,34101987,0,0,0,0,0.0000,0.0000,0.0000,0.0000,0.0000,0.0000,0.0000,0.0000,0.0000,0.0000
imgref,with_native,3871278,1290,993,1290,2512,219,41,244920,0.0649,12.2896,0.0000,0.0000,9.5926,12.2896,0.0000,0.0000,1.9880,0.7781
indexmap,with_native,76234891,231806,123789,231770,47517906,111789,5156321,6823874,62.3309,28.0584,76.4666,0.0000,31.4372,28.0584,62.1889,0.0000,36.9473,1.7710
iri-string,with_native,6764115,20122,7451,20122,166931,4762,231684,216053,2.4679,18.2391,1.0309,0.0000,17.2705,18.2391,0.9867,0.0000,13.5441,1.7403
jni,with_native,49357033,2398796,1571404,2398044,16305421,1571631,540720,1576862,33.0357,39.5955,7.5472,0.0000,39.5857,39.5955,2.3457,0.0000,39.4306,0.0973
jpeg-decoder,with_native,6701970795,102455,2680,76894,4504948587,20370,6548113,4404249579,67.2183,26.5965,1.8506,3.0969,19.3751,26.5965,3.3390,4.2870,4.5435,7.8103
lexical-core,with_native,293438,2907,123,2907,0,0,0,0,0.0000,0.0000,0.0000,0.0000,0.0000,0.0000,0.0000,0.0000,0.0000,0.0000
libsecp256k1,with_native,44592935,8236,2115,8236,87494,1989,428,31276,0.1962,19.5421,0.0000,0.0000,19.2155,19.5421,0.0000,0.0000,1.8456,0.1035
log,with_native,5762107,3947,175,3947,65584,17,196671,196608,1.1382,0.0366,1.1494,0.0000,0.4124,0.0366,1.1323,0.0000,0.8655,1.0152
loom,with_native,246599850,842909,11527,841136,41149717,365834,4164623,966858,16.6868,42.8542,30.1130,7.5862,42.8158,42.8542,36.2275,7.9279,31.3621,0.5288
matrixmultiply,with_native,1081284009,23985,322,23954,159075150,10570,354375700,10963678,14.7117,33.7446,55.6416,22.5301,43.4854,33.7446,53.3993,11.3988,23.0356,2.5421
memchr,with_native,10594070572,275901888,757102,275901888,2712795381,91827542,418970495,186158347,25.6067,33.1922,10.9935,0.0000,33.1916,33.1922,0.7687,0.0000,33.1282,0.6056
memmap2,with_native,135505,961,178,961,10240,5,90,0,7.5569,0.0000,15.1515,0.0000,0.4390,0.0000,6.5789,0.0000,1.1244,0.0481
metrics,with_native,1935279,14907,1755,14891,403786,3182,19954,5812,20.8645,19.2380,10.1167,0.0000,19.0973,19.2380,6.7403,0.0000,17.4634,0.8269
miette,with_native,136838018,911812,29576,904025,124010203,873239,4460994,79919054,90.6255,92.7164,95.1554,0.0000,92.7608,92.7164,87.5837,0.0000,91.7892,3.0632
msgpack-rust,with_native,6776664,8829,658,8793,67990,44,196676,196696,1.0033,0.3522,1.0410,0.0000,0.4638,0.3522,0.8607,0.0000,0.6491,1.0223
native-tls,with_native,6397478,6120,1558,6064,523312,1009,3504140,2925926,8.1800,15.2302,3.7169,50.0000,13.1414,15.2302,2.7474,66.6667,11.9634,10.3068
ndarray,with_native,608966536,60853,16162,60583,497375720,24436,140952410,24915929,81.6754,26.2940,62.4031,89.0457,31.7289,26.2940,84.7172,80.4578,79.2844,1.3947
nom,with_native,43864713,99886,21755,99885,18707227,15483,147786,2233978,42.6476,12.4400,16.1105,0.0000,12.7284,12.4400,28.9531,0.0000,21.2442,1.2384
nu-ansi-term,with_native,6319983,9042,926,9042,67749,65,196674,196649,1.0720,0.5764,1.0907,0.0000,0.6521,0.5764,1.0233,0.0000,0.8109,1.0189
num-bigint,with_native,188069042,7796368,143591,7796276,137695326,3840107,9879112,17791088,73.2153,48.3690,39.9911,50.0000,48.3643,48.3690,33.1007,50.0000,48.3050,1.2843
ordered-float,with_native,1265273,4321,463,4285,295144,10,40032,60023,23.3265,0.1721,0.0000,100.0000,0.2090,0.1721,0.0000,100.0000,9.7918,1.9012
ordered-multimap,with_native,578627,2056,484,2038,27536,104,417,390,4.7589,4.1834,0.0000,0.0000,4.0945,4.1834,0.0000,0.0000,2.7175,0.4630
os_info,with_native,5877184,5127,505,5127,79206,126,197016,196632,1.3477,2.5925,1.1519,0.0000,2.2372,2.5925,1.1027,0.0000,1.5909,1.0227
ouroboros,with_native,5648170,3083,74,3083,65536,16,196608,196608,1.1603,0.0000,1.1730,0.0000,0.5068,0.0000,1.1615,0.0000,0.9545,1.0148
parity-scale-codec,with_native,612071542,3155726,14551,3155602,4567760,36274,5225740,487613,0.7463,1.1256,29.2517,0.0000,1.1442,1.1256,9.9350,0.0000,0.1506,0.0913
parking_lot,with_native,48656637,13537,1460,13370,35317448,1025,105723666,31415207,72.5851,6.8469,1.6913,41.5385,6.8347,6.8469,1.2250,46.8531,38.2584,3.0331
petgraph,with_native,13914544,93019,6373,92145,8384155,16724,3652454,1247152,60.2546,16.6497,30.9778,40.0000,16.8263,16.6497,38.5636,80.0000,23.5815,1.5589
pin-project-lite,with_native,22412966,254920,11974,254875,8831783,73474,467747,288201,39.4048,27.3987,59.2896,0.0000,27.5293,27.3987,47.0410,0.0000,27.3485,0.4702
polling,with_native,1889494,14088,657,14081,10548,48,299,70,0.5582,0.3250,0.3546,0.0000,0.3255,0.3250,0.1062,0.0000,0.2892,0.0784
portable-atomic,with_native,533553692,3473010,3766,3472992,350739785,2258636,83413076,30116515,65.7365,64.9762,21.0856,30.6667,64.9635,64.9762,26.9394,45.6175,61.1260,0.5789
postcard,with_native,390816,3357,226,3357,223,26,117,0,0.0571,0.7399,0.0000,0.0000,0.7256,0.7399,0.0000,0.0000,0.6279,0.0459
pulldown-cmark,with_native,26318691,41805,9697,41805,922969,7969,20851,26697,3.5069,16.2343,3.0405,0.0000,15.4732,16.2343,2.0881,0.0000,8.5477,0.8209
rand,with_native,2787464,49849,788,49831,1170436,37363,70171,175916,41.9893,74.0833,2.3810,0.0000,73.7860,74.0833,1.4365,0.0000,70.3718,1.1048
rayon-core,with_native,57490422,112844,6894,95723,26384984,29337,71127046,24524627,45.8946,16.9955,66.7219,0.0000,24.5068,16.9955,39.3976,0.0000,28.1867,6.4145
rgb,with_native,1563859,13279,826,13279,196,10,2,28,0.0125,0.0722,0.0000,0.0000,0.0709,0.0722,0.0000,0.0000,0.0621,0.1658
ring,with_native,103238185,1189167,10507,1189149,10001596,64419,306817,1111073075,9.6879,5.3057,27.0827,1.4493,5.3697,5.3057,10.4254,2.2599,5.4555,54.9584
rmp,with_native,6501022,5977,954,5956,75488,422,198232,196614,1.1612,7.3511,1.1380,0.0000,6.0886,7.3511,0.9706,0.0000,3.0303,1.0162
ron,with_native,6006982,50561,4930,50537,99076,2746,56893,9719,1.6493,5.0302,0.2128,0.0000,4.9486,5.0302,0.2918,0.0000,4.3171,0.8385
rust-openssl,with_native,2823305,10505,2464,10447,77518,1617,2153,18853,2.7456,12.7534,0.0000,0.0000,12.4682,12.7534,0.0000,0.0000,8.1293,0.0167
rustc-demangle,with_native,5243314,3129,584,3129,85616,26,458758,558762,1.6329,0.1330,3.1519,0.0000,0.7002,0.1330,2.3268,0.0000,0.9293,2.8922
scroll,with_native,667438,3706,368,3688,24,2,0,2,0.0036,0.0504,0.0000,0.0000,0.0491,0.0504,0.0000,0.0000,0.0363,0.0273
semver,with_native,17261955,4016,302,4016,11274611,526,3416,762,65.3148,12.3498,0.0000,66.6667,12.1816,12.3498,0.0000,66.6667,60.2207,0.0703
serde_with,with_native,53946542,533046,17585,147862,15579827,162434,1896159,764802,28.8801,29.5233,24.1223,33.3333,29.4996,29.5233,24.5114,37.0370,29.4020,2.7443
serde_yaml,with_native,34138558,42262,1118,42262,33253309,29692,64938080,638113,97.4069,67.7253,85.7798,44.4444,68.4463,67.7253,94.3055,61.5385,83.7038,26.6897
sharded-slab,with_native,1255163631,1293790,26083,1293767,1214496492,11433,7497141,155155,96.7600,0.5806,24.7528,99.7996,0.8662,0.5806,48.1939,99.9836,63.3574,0.0619
signal-hook,with_native,359276,2092,110,2077,40708,154,1786,309,11.3306,7.0796,3.6364,0.0000,6.9936,7.0796,1.7857,0.0000,6.0732,1.4483
simdutf8,with_native,5359542,2846,1438,2846,4442772,628,2081,4,82.8946,8.8992,38.8821,0.0000,14.6592,8.8992,54.6475,0.0000,46.1781,0.0038
siphasher,with_native,1993625,8141,496,8141,120,7,132,137,0.0060,0.0826,0.0000,0.0000,0.0810,0.0826,0.0000,0.0000,0.0616,0.0482
slotmap,with_native,5265561,30486,16239,30483,2546030,20868,138979,268296,48.3525,44.7268,25.9036,66.6667,44.6613,44.7268,43.5705,75.0000,45.5926,0.6121
smallvec,with_native,478109,2032,309,2014,1330,57,122,116,0.2782,2.5000,0.0000,0.0000,2.4349,2.5000,0.0000,0.0000,1.6156,0.6804
tokio,with_native,1752346905,8981230,687686,8972598,1430179739,6589376,44096222,32310446,81.6151,66.6155,98.5661,23.3010,68.1501,66.6155,93.0208,17.1324,68.7630,3.2496
triomphe,with_native,623385,3155,343,3137,4056,119,300,367,0.6506,3.4990,0.0000,0.0000,3.4019,3.4990,0.0000,0.0000,2.4133,1.7076
unicode-normalization,with_native,11361370,733820,181217,733820,6265504,313771,1072,428318,55.1474,34.2928,0.0000,0.0000,34.2905,34.2928,0.0000,0.0000,34.2732,0.1493
utf8parse,with_native,37267354,539277,714265,539277,3328,39,0,1436236,0.0089,0.0031,0.0000,0.0000,0.0031,0.0031,0.0000,0.0000,0.0031,0.3039
uuid,with_native,16660413,112831,10225,112785,4720416,33942,301031,242395,28.3331,27.8495,8.4615,0.0000,27.5826,27.8495,14.5574,0.0000,26.1209,0.5954
value-bag,with_native,240288,1544,308,1544,6912,24,90,3,2.8765,1.2672,2.7027,0.0000,1.2959,1.2672,2.3952,0.0000,1.5112,0.5596
winnow,with_native,14455992,116232,138815,116212,6783742,31051,674017,1080950,46.9269,12.1244,18.8989,0.0000,12.1746,12.1244,30.2662,0.0000,13.7360,27.6727
zopfli,with_native,5841904895,1412311,419859,1412310,5031555670,1285284,317554785,483748261,86.1287,72.5613,58.9186,46.3881,70.1509,72.5613,77.6769,59.3629,70.2883,4.8959
